Key,1.3,1.35,1.4,1.45,1.5,1.55,1.6,1.65,1.7,1.75,1.8,1.85,1.9,1.95,2,2.05,2.1,2.15,2.2,2.25,2.3,2.35,2.4,2.45,2.5,2.55,2.6
BBR02325ZK12DC_11,,,,,,,0.308,0.317,0.327,,,,,,,,,,,,,,,,,,
BBR02325ZK12DC_18,,,,,,,0.308,0.317,0.327,,,,,,,,,,,,,,,,,,
BBR0F0000K02DC_9,,,,,,,0.158,0.163,0.168,0.173,0.185,0.191,0.196,0.201,0.214,0.220,0.225,0.2302864945,0.2200635309,0.2250649748,0.2300664187,0.2350678626,0.2400693065,0.2450707503,0.2500721942,0.2550736381,0.260075082
BBR0F0000K02DC_16,,,,,,,0.158,0.163,0.168,0.173,0.185,0.191,0.196,0.201,0.214,0.220,0.225,0.2302864945,0.2200635309,0.2250649748,0.2300664187,0.2350678626,0.2400693065,0.2450707503,0.2500721942,0.2550736381,0.260075082
BBR0F0000K02DC_10,,,,,,,0.136,0.141,0.145,0.149,0.163,0.168,0.172,0.177,0.192,0.197,0.202,0.2067129016,0.189921701,0.1942381033,0.1985545056,0.2028709079,0.2071873102,0.2115037125,0.2158201148,0.2201365171,0.2244529194
BBR0F0000K02DC_17,,,,,,,0.136,0.141,0.145,0.149,0.163,0.168,0.172,0.177,0.192,0.197,0.202,0.2067129016,0.189921701,0.1942381033,0.1985545056,0.2028709079,0.2071873102,0.2115037125,0.2158201148,0.2201365171,0.2244529194
BBR0F0000K02DF_9,,,,,,,0.158,0.163,0.168,0.173,0.185,0.191,0.196,0.201,0.214,0.220,0.225,0.2302864945,0.2200635309,0.2250649748,0.2300664187,0.2350678626,0.2400693065,0.2450707503,0.2500721942,0.2550736381,0.260075082
BBR0F0000K02DF_16,,,,,,,0.158,0.163,0.168,0.173,0.185,0.191,0.196,0.201,0.214,0.220,0.225,0.2302864945,0.2200635309,0.2250649748,0.2300664187,0.2350678626,0.2400693065,0.2450707503,0.2500721942,0.2550736381,0.260075082
BBR0F0000K02DF_10,,,,,,,0.136,0.141,0.145,0.149,0.163,0.168,0.172,0.177,0.192,0.197,0.202,0.2067129016,0.189921701,0.1942381033,0.1985545056,0.2028709079,0.2071873102,0.2115037125,0.2158201148,0.2201365171,0.2244529194
BBR0F0000K02DF_17,,,,,,,0.136,0.141,0.145,0.149,0.163,0.168,0.172,0.177,0.192,0.197,0.202,0.2067129016,0.189921701,0.1942381033,0.1985545056,0.2028709079,0.2071873102,0.2115037125,0.2158201148,0.2201365171,0.2244529194
BBR0F000ZK25DC_9,,,,,,,0.158,0.163,0.168,0.173,0.185,0.191,0.196,0.201,0.214,0.220,0.225,0.2302864945,0.2200635309,0.2250649748,0.2300664187,0.2350678626,0.2400693065,0.2450707503,0.2500721942,0.2550736381,0.260075082
BBR0F000ZK25DC_16,,,,,,,0.158,0.163,0.168,0.173,0.185,0.191,0.196,0.201,0.214,0.220,0.225,0.2302864945,0.2200635309,0.2250649748,0.2300664187,0.2350678626,0.2400693065,0.2450707503,0.2500721942,0.2550736381,0.260075082
BBR0F000ZK25DC_10,,,,,,,0.136,0.141,0.145,0.149,0.163,0.168,0.172,0.177,0.192,0.197,0.202,0.2067129016,0.189921701,0.1942381033,0.1985545056,0.2028709079,0.2071873102,0.2115037125,0.2158201148,0.2201365171,0.2244529194
BBR0F000ZK25DC_17,,,,,,,0.136,0.141,0.145,0.149,0.163,0.168,0.172,0.177,0.192,0.197,0.202,0.2067129016,0.189921701,0.1942381033,0.1985545056,0.2028709079,0.2071873102,0.2115037125,0.2158201148,0.2201365171,0.2244529194
BBR0FTRFZK15DC_10,,,,,,,0.136,0.141,0.145,0.149,0.163,0.168,0.172,0.177,0.192,0.197,0.202,0.2067129016,0.189921701,0.1942381033,0.1985545056,0.2028709079,0.2071873102,0.2115037125,0.2158201148,0.2201365171,0.2244529194
BBR0FTRFZK15DC_17,,,,,,,0.136,0.141,0.145,0.149,0.163,0.168,0.172,0.177,0.192,0.197,0.202,0.2067129016,0.189921701,0.1942381033,0.1985545056,0.2028709079,0.2071873102,0.2115037125,0.2158201148,0.2201365171,0.2244529194
BBR0FTRIMK05DC_10,,,,,,,0.136,0.141,0.145,0.149,0.163,0.168,0.172,0.177,0.192,0.197,0.202,0.2067129016,0.189921701,0.1942381033,0.1985545056,0.2028709079,0.2071873102,0.2115037125,0.2158201148,0.2201365171,0.2244529194
BBR0FTRIMK05DC_17,,,,,,,0.136,0.141,0.145,0.149,0.163,0.168,0.172,0.177,0.192,0.197,0.202,0.2067129016,0.189921701,0.1942381033,0.1985545056,0.2028709079,0.2071873102,0.2115037125,0.2158201148,0.2201365171,0.2244529194
BBR0FTRIMK05DF_10,,,,,,,0.136,0.141,0.145,0.149,0.163,0.168,0.172,0.177,0.192,0.197,0.202,0.2067129016,0.189921701,0.1942381033,0.1985545056,0.2028709079,0.2071873102,0.2115037125,0.2158201148,0.2201365171,0.2244529194
BBR0FTRIMK05DF_17,,,,,,,0.136,0.141,0.145,0.149,0.163,0.168,0.172,0.177,0.192,0.197,0.202,0.2067129016,0.189921701,0.1942381033,0.1985545056,0.2028709079,0.2071873102,0.2115037125,0.2158201148,0.2201365171,0.2244529194
BBR0FTRWZK15DC_10,,,,,,,0.136,0.141,0.145,0.149,0.163,0.168,0.172,0.177,0.192,0.197,0.202,0.2067129016,0.189921701,0.1942381033,0.1985545056,0.2028709079,0.2071873102,0.2115037125,0.2158201148,0.2201365171,0.2244529194
BBR0FTRWZK15DC_17,,,,,,,0.136,0.141,0.145,0.149,0.163,0.168,0.172,0.177,0.192,0.197,0.202,0.2067129016,0.189921701,0.1942381033,0.1985545056,0.2028709079,0.2071873102,0.2115037125,0.2158201148,0.2201365171,0.2244529194
BBRS07595P24DF_10,,,,,,,0.136,0.141,0.145,0.149,0.163,0.168,0.172,0.177,0.192,0.197,0.202,0.2067129016,0.189921701,0.1942381033,0.1985545056,0.2028709079,0.2071873102,0.2115037125,0.2158201148,0.2201365171,0.2244529194
BBRS07595P24DF_17,,,,,,,0.273,0.281,0.290,0.2984999067,,,,,,,,,,,,,,,,,
BBRS12150K02DC_10,,,,,,,0.136,0.141,0.145,0.149,0.163,0.168,0.172,0.177,0.192,0.197,0.202,0.2067129016,0.189921701,0.1942381033,0.1985545056,0.2028709079,0.2071873102,0.2115037125,0.2158201148,0.2201365171,0.2244529194
BBRS12150K02DC_17,,,,,,,0.273,0.281,0.290,0.298,,,,,,,,,,,,,,,,,
BBRS12150K02DF_10,,,,,,,0.136,0.141,0.145,0.149,0.163,0.168,0.172,0.177,0.192,0.197,0.202,0.2067129016,0.189921701,0.1942381033,0.1985545056,0.2028709079,0.2071873102,0.2115037125,0.2158201148,0.2201365171,0.2244529194
BBRS12150K02DF_17,,,,,,,0.273,0.281,0.290,0.298,,,,,,,,,,,,,,,,,
BBRS16180K05DC_13,,,,,,,,,,,0.327,0.336,0.345,0.354,0.3845821425,,,,,,,,,,,,
BBRS16180K05DC_20,,,,,,,,,,,0.3265762019,0.3356477631,0.3447193242,0.3537908854,0.3845821425,,,,,,,,,,,,
BBRS16180K05DF_13,,,,,,,,,,,0.327,0.336,0.345,0.354,0.3845821425,,,,,,,,,,,,
BBRS16180K05DF_20,,,,,,,,,,,0.3265762019,0.3356477631,0.3447193242,0.3537908854,0.3845821425,,,,,,,,,,,,
BBRS1821FK02DC_12,,,,,,,0.273,0.281,0.290,0.298,,,,,,,,,,,,,,,,,
BBRS1821FK02DC_19,,,,,,,0.273,0.281,0.290,0.298,,,,,,,,,,,,,,,,,
BBRS1821FK02DF_12,,,,,,,0.273,0.281,0.289971338,0.2984999067,,,,,,,,,,,,,,,,,
BBRS1821FK02DF_19,,,,,,,0.273,0.281,0.290,0.298,,,,,,,,,,,,,,,,,
BBRS1823FK02DF_12,,,,,,,0.273,0.281,0.290,0.298,,,,,,,,,,,,,,,,,
BBRS1823FK02DF_19,,,,,,,0.273,0.281,0.290,0.298,,,,,,,,,,,,,,,,,
BBRS2325FK06DC_12,,,,,,,0.273,0.281,0.289971338,0.2984999067,,,,,,,,,,,,,,,,,
BBRS2325FK06DC_19,,,,,,,0.273,0.281,0.290,0.298,,,,,,,,,,,,,,,,,
BBRS2325FK06DF_12,,,,,,,0.273,0.281,0.289971338,0.2984999067,,,,,,,,,,,,,,,,,
BBRS2325FK06DF_19,,,,,,,0.273,0.281,0.290,0.298,,,,,,,,,,,,,,,,,
BBRS7585ZP20DC_10,,,,,,,0.136,0.141,0.145,0.149,0.163,0.168,0.172,0.177,0.192,0.197,0.202,0.2067129016,0.189921701,0.1942381033,0.1985545056,0.2028709079,0.2071873102,0.2115037125,0.2158201148,0.2201365171,0.2244529194
BBRS7585ZP20DC_17,,,,,,,0.136,0.141,0.145,0.149,0.163,0.168,0.172,0.177,0.192,0.197,0.202,0.2067129016,0.189921701,0.1942381033,0.1985545056,0.2028709079,0.2071873102,0.2115037125,0.2158201148,0.2201365171,0.2244529194
BBRSF0000K02DC_10,,,,,,,0.136,0.141,0.145,0.149,0.163,0.168,0.172,0.177,0.192,0.197,0.202,0.2067129016,0.189921701,0.1942381033,0.1985545056,0.2028709079,0.2071873102,0.2115037125,0.2158201148,0.2201365171,0.2244529194
BBRSF0000K02DC_17,,,,,,,0.136,0.141,0.145,0.149,0.163,0.168,0.172,0.177,0.192,0.197,0.202,0.2067129016,0.189921701,0.1942381033,0.1985545056,0.2028709079,0.2071873102,0.2115037125,0.2158201148,0.2201365171,0.2244529194
BBRSF0000K02DF_10,,,,,,,0.136,0.141,0.145,0.149,0.163,0.168,0.172,0.177,0.192,0.197,0.202,0.2067129016,0.189921701,0.1942381033,0.1985545056,0.2028709079,0.2071873102,0.2115037125,0.2158201148,0.2201365171,0.2244529194
BBRSF0000K02DF_17,,,,,,,0.136,0.141,0.145,0.149,0.163,0.168,0.172,0.177,0.192,0.197,0.202,0.2067129016,0.189921701,0.1942381033,0.1985545056,0.2028709079,0.2071873102,0.2115037125,0.2158201148,0.2201365171,0.2244529194
BBRSF0000K03PF_10,,,,,,,0.136,0.141,0.145,0.149,0.163,0.168,0.172,0.177,0.192,0.197,0.202,0.2067129016,0.189921701,0.1942381033,0.1985545056,0.2028709079,0.2071873102,0.2115037125,0.2158201148,0.2201365171,0.2244529194
BBRSF0000K03PF_17,,,,,,,0.136,0.141,0.145,0.149,0.163,0.168,0.172,0.177,0.192,0.197,0.202,0.2067129016,0.189921701,0.1942381033,0.1985545056,0.2028709079,0.2071873102,0.2115037125,0.2158201148,0.2201365171,0.2244529194
BBRSF000ZK25DC_10,,,,,,,0.136,0.141,0.145,0.149,0.163,0.168,0.172,0.177,0.192,0.197,0.202,0.2067129016,0.189921701,0.1942381033,0.1985545056,0.2028709079,0.2071873102,0.2115037125,0.2158201148,0.2201365171,0.2244529194
BBRSF000ZK25DC_17,,,,,,,0.136,0.141,0.145,0.149,0.163,0.168,0.172,0.177,0.192,0.197,0.202,0.2067129016,0.189921701,0.1942381033,0.1985545056,0.2028709079,0.2071873102,0.2115037125,0.2158201148,0.2201365171,0.2244529194
BBRSF00FZK12DC_10,,,,,,,0.136,0.141,0.145,0.149,0.163,0.168,0.172,0.177,0.192,0.197,0.202,0.2067129016,0.189921701,0.1942381033,0.1985545056,0.2028709079,0.2071873102,0.2115037125,0.2158201148,0.2201365171,0.2244529194
BBRSF00FZK12DC_17,,,,,,,0.136,0.141,0.145,0.149,0.163,0.168,0.172,0.177,0.192,0.197,0.202,0.2067129016,0.189921701,0.1942381033,0.1985545056,0.2028709079,0.2071873102,0.2115037125,0.2158201148,0.2201365171,0.2244529194
BBRSF0NDZK12DC_13,,,,,,,0.2729142004,0.2814427692,0.289971338,0.2984999067,,,,,,,,,,,,,,,,,
BBRSF0NDZK12DC_20,,,,,,,0.273,0.281,0.290,0.298,,,,,,,,,,,,,,,,,
BBRSF0PCZK12DC_15,,,,,,,0.136,0.141,0.145,0.149,0.163,0.168,0.172,0.177,0.192,0.197,0.202,0.2067129016,0.189921701,0.1942381033,0.1985545056,0.2028709079,0.2071873102,0.2115037125,0.2158201148,0.2201365171,0.2244529194
BBRSF0PCZK12DC_22,,,,,,,0.136,0.141,0.145,0.149,0.163,0.168,0.172,0.177,0.192,0.197,0.202,0.2067129016,0.189921701,0.1942381033,0.1985545056,0.2028709079,0.2071873102,0.2115037125,0.2158201148,0.2201365171,0.2244529194
BBRSF3540K02DF_10,,,,,,,0.136,0.141,0.145,0.149,0.163,0.168,0.172,0.177,0.192,0.197,0.202,0.2067129016,0.189921701,0.1942381033,0.1985545056,0.2028709079,0.2071873102,0.2115037125,0.2158201148,0.2201365171,0.2244529194
BBRSF3540K02DF_17,,,,,,,0.136,0.141,0.145,0.149,0.163,0.168,0.172,0.177,0.192,0.197,0.202,0.2067129016,0.189921701,0.1942381033,0.1985545056,0.2028709079,0.2071873102,0.2115037125,0.2158201148,0.2201365171,0.2244529194
BBRSF3540K02DF_14,,,,,,,0.123,0.127,0.130,0.134,0.147,0.151,0.155,0.159,0.173,0.177,0.182,0.1860416115,0.1709295309,0.174814293,0.1786990551,0.1825838171,0.1864685792,0.1903533413,0.1942381033,0.1981228654,0.2020076275
BBRSF3540K02DF_21,,,,,,,0.123,0.127,0.130,0.134,0.147,0.151,0.155,0.159,0.173,0.177,0.182,0.1860416115,0.1709295309,0.174814293,0.1786990551,0.1825838171,0.1864685792,0.1903533413,0.1942381033,0.1981228654,0.2020076275
BBRSF354ZK12DC_14,,,,,,,0.123,0.127,0.130,0.134,0.147,0.151,0.155,0.159,0.173,0.177,0.182,0.1860416115,0.1709295309,0.174814293,0.1786990551,0.1825838171,0.1864685792,0.1903533413,0.1942381033,0.1981228654,0.2020076275
BBRSF354ZK12DC_21,,,,,,,0.123,0.127,0.130,0.134,0.147,0.151,0.155,0.159,0.173,0.177,0.182,0.1860416115,0.1709295309,0.174814293,0.1786990551,0.1825838171,0.1864685792,0.1903533413,0.1942381033,0.1981228654,0.2020076275
BBRSFCHRZK12DC_15,,,,,,,0.136,0.141,0.145,0.149,0.163,0.168,0.172,0.177,0.192,0.197,0.202,0.2067129016,0.189921701,0.1942381033,0.1985545056,0.2028709079,0.2071873102,0.2115037125,0.2158201148,0.2201365171,0.2244529194
BBRSFCHRZK12DC_22,,,,,,,0.136,0.141,0.145,0.149,0.163,0.168,0.172,0.177,0.192,0.197,0.202,0.2067129016,0.189921701,0.1942381033,0.1985545056,0.2028709079,0.2071873102,0.2115037125,0.2158201148,0.2201365171,0.2244529194
BBRSMF000K04DC_10,,,,,,,0.136,0.141,0.145,0.149,0.163,0.168,0.172,0.177,0.192,0.197,0.202,0.2067129016,0.189921701,0.1942381033,0.1985545056,0.2028709079,0.2071873102,0.2115037125,0.2158201148,0.2201365171,0.2244529194
BBRSMF000K04DC_17,,,,,,,0.136,0.141,0.145,0.149,0.163,0.168,0.172,0.177,0.192,0.197,0.202,0.2067129016,0.189921701,0.1942381033,0.1985545056,0.2028709079,0.2071873102,0.2115037125,0.2158201148,0.2201365171,0.2244529194
BBRSMF000K04DF_10,,,,,,,0.136,0.141,0.145,0.149,0.163,0.168,0.172,0.177,0.192,0.197,0.202,0.2067129016,0.189921701,0.1942381033,0.1985545056,0.2028709079,0.2071873102,0.2115037125,0.2158201148,0.2201365171,0.2244529194
BBRSMF000K04DF_17,,,,,,,0.136,0.141,0.145,0.149,0.163,0.168,0.172,0.177,0.192,0.197,0.202,0.2067129016,0.189921701,0.1942381033,0.1985545056,0.2028709079,0.2071873102,0.2115037125,0.2158201148,0.2201365171,0.2244529194
BBRSMF000K05DC_10,,,,,,,0.136,0.141,0.145,0.149,0.163,0.168,0.172,0.177,0.192,0.197,0.202,0.2067129016,0.189921701,0.1942381033,0.1985545056,0.2028709079,0.2071873102,0.2115037125,0.2158201148,0.2201365171,0.2244529194
BBRSMF000K05DC_17,,,,,,,0.136,0.141,0.145,0.149,0.163,0.168,0.172,0.177,0.192,0.197,0.202,0.2067129016,0.189921701,0.1942381033,0.1985545056,0.2028709079,0.2071873102,0.2115037125,0.2158201148,0.2201365171,0.2244529194
BBRSMF000K05DF_10,,,,,,,0.136,0.141,0.145,0.149,0.163,0.168,0.172,0.177,0.192,0.197,0.202,0.2067129016,0.189921701,0.1942381033,0.1985545056,0.2028709079,0.2071873102,0.2115037125,0.2158201148,0.2201365171,0.2244529194
BBRSMF000K05DF_17,,,,,,,0.136,0.141,0.145,0.149,0.163,0.168,0.172,0.177,0.192,0.197,0.202,0.2067129016,0.189921701,0.1942381033,0.1985545056,0.2028709079,0.2071873102,0.2115037125,0.2158201148,0.2201365171,0.2244529194
BBRSMF02CK02DF_10,,,,,,,0.136,0.141,0.145,0.149,0.163,0.168,0.172,0.177,0.192,0.197,0.202,0.2067129016,0.189921701,0.1942381033,0.1985545056,0.2028709079,0.2071873102,0.2115037125,0.2158201148,0.2201365171,0.2244529194
BBRSMF02CK02DF_17,,,,,,,0.136,0.141,0.145,0.149,0.163,0.168,0.172,0.177,0.192,0.197,0.202,0.2067129016,0.189921701,0.1942381033,0.1985545056,0.2028709079,0.2071873102,0.2115037125,0.2158201148,0.2201365171,0.2244529194
BCH019220K02DF_29,,,,,,,,,,,,0.3813637869,0.3916709163,0.4019780457,0.4018430774,0.4118891543,0.4219352313,0.4319813082,,,,,,,,,
BCH01922ZK12DC_29,,,,,,,,,,,,0.3813637869,0.3916709163,0.4019780457,0.4018430774,0.4118891543,0.4219352313,0.4319813082,,,,,,,,,
BCH0192JZK06DF_29,,,,,,,0.338,0.349,0.3593181818,0.3698863636,,,,,,,,,,,,,,,,,
BCH02123ZK12DC_29,,,,,,,,,,,,,,,,,0.422,0.4319813082,0.4684344351,0.4790806723,,,,,,,
BFL003540K02DF_16,,,,,,,,,,,,0.069,0.071,0.073,0.0774831673,0.0794202465,0.0813573257,0.0832944049,0.0797470016,0.0815594335,0.0833718653,,,,,,
BFL003540K02DF_17,,,,,,,,,,,,0.069,0.071,0.073,0.0774831673,0.0794202465,0.0813573257,0.0832944049,0.0797470016,0.0815594335,0.0833718653,,,,,,
BFL003540K02DF_18,,,,,,,,,,,,0.069,0.071,0.073,0.0774831673,0.0794202465,0.0813573257,0.0832944049,0.0797470016,0.0815594335,0.0833718653,,,,,,
BFL003540K02DF_19,,,,,,,,,,,,0.069,0.071,0.073,0.0774831673,0.0794202465,0.0813573257,0.0832944049,0.0797470016,0.0815594335,0.0833718653,,,,,,
BFL003540K02DF_20,,,,,,,,,,,,0.069,0.071,0.073,0.0774831673,0.0794202465,0.0813573257,0.0832944049,0.0797470016,0.0815594335,0.0833718653,,,,,,
BFL003540K02DF_21,,,,,,,,,,,,0.069,0.071,0.073,0.0774831673,0.0794202465,0.0813573257,0.0832944049,0.0797470016,0.0815594335,0.0833718653,,,,,,
BFL004047K02DF_16,,,,,,,0.029,0.030,0.031,0.031,0.034,0.035,0.035,0.036,0.0387415837,0.0397101233,0.0406786629,0.0416472024,0.0398735008,0.0407797167,0.0416859327,0.0425921486,0.0434983645,0.0444045805,0.0453107964,0.0462170123,0.0471232282
BFL004047K02DF_17,,,,,,,0.029,0.030,0.031,0.031,0.034,0.035,0.035,0.036,0.0387415837,0.0397101233,0.0406786629,0.0416472024,0.0398735008,0.0407797167,0.0416859327,0.0425921486,0.0434983645,0.0444045805,0.0453107964,0.0462170123,0.0471232282
BFL004047K02DF_18,,,,,,,0.029,0.030,0.031,0.031,0.034,0.035,0.035,0.036,0.0387415837,0.0397101233,0.0406786629,0.0416472024,0.0398735008,0.0407797167,0.0416859327,0.0425921486,0.0434983645,0.0444045805,0.0453107964,0.0462170123,0.0471232282
BFL004047K02DF_19,,,,,,,0.029,0.030,0.031,0.031,0.034,0.035,0.035,0.036,0.0387415837,0.0397101233,0.0406786629,0.0416472024,0.0398735008,0.0407797167,0.0416859327,0.0425921486,0.0434983645,0.0444045805,0.0453107964,0.0462170123,0.0471232282
BFL004047K02DF_20,,,,,,,0.029,0.030,0.031,0.031,0.034,0.035,0.035,0.036,0.0387415837,0.0397101233,0.0406786629,0.0416472024,0.0398735008,0.0407797167,0.0416859327,0.0425921486,0.0434983645,0.0444045805,0.0453107964,0.0462170123,0.0471232282
BFL004047K02DF_21,,,,,,,0.029,0.030,0.031,0.031,0.034,0.035,0.035,0.036,0.0387415837,0.0397101233,0.0406786629,0.0416472024,0.0398735008,0.0407797167,0.0416859327,0.0425921486,0.0434983645,0.0444045805,0.0453107964,0.0462170123,0.0471232282
BFL02035ZK12DC_16,,,,,,,0.058,0.059,0.061,0.063,0.067,0.069,0.071,,,,,,,,,,,,,,
BFL02035ZK12DC_17,,,,,,,0.058,0.059,0.061,0.063,0.067,0.069,0.071,,,,,,,,,,,,,,
BFL02035ZK12DC_18,,,,,,,0.058,0.059,0.061,0.063,0.067,0.069,0.071,,,,,,,,,,,,,,
BFL02035ZK12DC_19,,,,,,,0.058,0.059,0.061,0.063,0.067,0.069,0.071,,,,,,,,,,,,,,
BFL02035ZK12DC_20,,,,,,,0.058,0.059,0.061,0.063,0.067,0.069,0.071,,,,,,,,,,,,,,
BFL02035ZK12DC_21,,,,,,,0.058,0.059,0.061,0.063,0.067,0.069,0.071,,,,,,,,,,,,,,
BFL03554ZK12DC_16,,,,,,,,,,,,0.069,0.071,0.073,0.0774831673,0.0794202465,0.0813573257,0.0832944049,0.0797470016,0.0815594335,0.0833718653,0.0851842972,0.086996729,0.0888091609,0.0906215928,0.0924340246,0.0942464565
BFL03554ZK12DC_17,,,,,,,,,,,,0.069,0.071,0.073,0.0774831673,0.0794202465,0.0813573257,0.0832944049,0.0797470016,0.0815594335,0.0833718653,0.0851842972,0.086996729,0.0888091609,0.0906215928,0.0924340246,0.0942464565
BFL03554ZK12DC_18,,,,,,,,,,,,0.069,0.071,0.073,0.0774831673,0.0794202465,0.0813573257,0.0832944049,0.0797470016,0.0815594335,0.0833718653,0.0851842972,0.086996729,0.0888091609,0.0906215928,0.0924340246,0.0942464565
BFL03554ZK12DC_19,,,,,,,,,,,,0.069,0.071,0.073,0.0774831673,0.0794202465,0.0813573257,0.0832944049,0.0797470016,0.0815594335,0.0833718653,0.0851842972,0.086996729,0.0888091609,0.0906215928,0.0924340246,0.0942464565
BFL03554ZK12DC_20,,,,,,,,,,,,0.069,0.071,0.073,0.0774831673,0.0794202465,0.0813573257,0.0832944049,0.0797470016,0.0815594335,0.0833718653,0.0851842972,0.086996729,0.0888091609,0.0906215928,0.0924340246,0.0942464565
BFL03554ZK12DC_21,,,,,,,,,,,,0.069,0.071,0.073,0.0774831673,0.0794202465,0.0813573257,0.0832944049,0.0797470016,0.0815594335,0.0833718653,0.0851842972,0.086996729,0.0888091609,0.0906215928,0.0924340246,0.0942464565
BFL0F0000K02DC_9,,,,,,,0.028,0.029,0.030,0.031,0.034,0.035,0.036,0.036,0.0395665492,0.040555713,0.0415448767,0.0425340404,0.0413820523,0.0423225534,0.0432630546,0.0442035558,0.045144057,0.0460845582,0.0470250594,0.0479655606,0.0489060618
BFL0F0000K02DC_10,,,,,,,0.028,0.029,0.030,0.031,0.034,0.035,0.036,0.036,0.0395665492,0.040555713,0.0415448767,0.0425340404,0.0413820523,0.0423225534,0.0432630546,0.0442035558,0.045144057,0.0460845582,0.0470250594,0.0479655606,0.0489060618
BFL0F0000K02DC_11,,,,,,,0.028,0.029,0.030,0.031,0.034,0.035,0.036,0.036,0.0395665492,0.040555713,0.0415448767,0.0425340404,0.0413820523,0.0423225534,0.0432630546,0.0442035558,0.045144057,0.0460845582,0.0470250594,0.0479655606,0.0489060618
BFL0F0000K02DC_12,,,,,,,0.028,0.029,0.030,0.031,0.034,0.035,0.036,0.036,0.0395665492,0.040555713,0.0415448767,0.0425340404,0.0413820523,0.0423225534,0.0432630546,0.0442035558,0.045144057,0.0460845582,0.0470250594,0.0479655606,0.0489060618
BFL0F0000K02DC_13,,,,,,,0.028,0.029,0.030,0.031,0.034,0.035,0.036,0.036,0.040,0.041,0.042,0.0425340404,0.0413820523,0.0423225534,0.0432630546,0.0442035558,0.045144057,0.0460845582,0.0470250594,0.0479655606,0.0489060618
BFL0F0000K02DC_14,,,,,,,0.028,0.029,0.030,0.031,0.034,0.035,0.036,0.036,0.0395665492,0.040555713,0.0415448767,0.0425340404,0.0413820523,0.0423225534,0.0432630546,0.0442035558,0.045144057,0.0460845582,0.0470250594,0.0479655606,0.0489060618
BFL0F0000K02DC_15,,,,,,,0.028,0.029,0.030,0.031,0.034,0.035,0.036,0.036,0.0395665492,0.040555713,0.0415448767,0.0425340404,0.0413820523,0.0423225534,0.0432630546,0.0442035558,0.045144057,0.0460845582,0.0470250594,0.0479655606,0.0489060618
BFL0F0000K02DF_9,,,,,,,0.028,0.029,0.030,0.031,0.034,0.035,0.036,0.036,0.0395665492,0.040555713,0.0415448767,0.0425340404,0.0413820523,0.0423225534,0.0432630546,0.0442035558,0.045144057,0.0460845582,0.0470250594,0.0479655606,0.0489060618
BFL0F0000K02DF_10,,,,,,,0.028,0.029,0.030,0.031,0.034,0.035,0.036,0.036,0.040,0.041,0.042,0.0425340404,0.0413820523,0.0423225534,0.0432630546,0.0442035558,0.045144057,0.0460845582,0.0470250594,0.0479655606,0.0489060618
BFL0F0000K02DF_11,,,,,,,0.028,0.029,0.030,0.031,0.034,0.035,0.036,0.036,0.0395665492,0.040555713,0.0415448767,0.0425340404,0.0413820523,0.0423225534,0.0432630546,0.0442035558,0.045144057,0.0460845582,0.0470250594,0.0479655606,0.0489060618
BFL0F0000K02DF_12,,,,,,,0.028,0.029,0.030,0.031,0.034,0.035,0.036,0.036,0.0395665492,0.040555713,0.0415448767,0.0425340404,0.0413820523,0.0423225534,0.0432630546,0.0442035558,0.045144057,0.0460845582,0.0470250594,0.0479655606,0.0489060618
BFL0F0000K02DF_13,,,,,,,0.028,0.029,0.030,0.031,0.034,0.035,0.036,0.036,0.0395665492,0.040555713,0.0415448767,0.0425340404,0.0413820523,0.0423225534,0.0432630546,0.0442035558,0.045144057,0.0460845582,0.0470250594,0.0479655606,0.0489060618
BFL0F0000K02DF_14,,,,,,,0.028,0.029,0.030,0.031,0.034,0.035,0.036,0.036,0.0395665492,0.040555713,0.0415448767,0.0425340404,0.0413820523,0.0423225534,0.0432630546,0.0442035558,0.045144057,0.0460845582,0.0470250594,0.0479655606,0.0489060618
BFL0F0000K02DF_15,,,,,,,0.028,0.029,0.030,0.031,0.034,0.035,0.036,0.036,0.0395665492,0.040555713,0.0415448767,0.0425340404,0.0413820523,0.0423225534,0.0432630546,0.0442035558,0.045144057,0.0460845582,0.0470250594,0.0479655606,0.0489060618
BFL0F0000K02PF_9,,,,,,,0.028,0.029,0.030,0.031,0.034,0.035,0.036,0.036,0.0395665492,0.040555713,0.0415448767,0.0425340404,0.0413820523,0.0423225534,0.0432630546,0.0442035558,0.045144057,0.0460845582,0.0470250594,0.0479655606,0.0489060618
BFL0F0000K02PF_10,,,,,,,0.028,0.029,0.030,0.031,0.034,0.035,0.036,0.036,0.0395665492,0.040555713,0.0415448767,0.0425340404,0.0413820523,0.0423225534,0.0432630546,0.0442035558,0.045144057,0.0460845582,0.0470250594,0.0479655606,0.0489060618
BFL0F0000K02PF_11,,,,,,,0.028,0.029,0.030,0.031,0.034,0.035,0.036,0.036,0.0395665492,0.040555713,0.0415448767,0.0425340404,0.0413820523,0.0423225534,0.0432630546,0.0442035558,0.045144057,0.0460845582,0.0470250594,0.0479655606,0.0489060618
BFL0F0000K02PF_12,,,,,,,0.028,0.029,0.030,0.031,0.034,0.035,0.036,0.036,0.0395665492,0.040555713,0.0415448767,0.0425340404,0.0413820523,0.0423225534,0.0432630546,0.0442035558,0.045144057,0.0460845582,0.0470250594,0.0479655606,0.0489060618
BFL0F0000K02PF_13,,,,,,,0.028,0.029,0.030,0.031,0.034,0.035,0.036,0.036,0.0395665492,0.040555713,0.0415448767,0.0425340404,0.0413820523,0.0423225534,0.0432630546,0.0442035558,0.045144057,0.0460845582,0.0470250594,0.0479655606,0.0489060618
BFL0F0000K02PF_14,,,,,,,0.028,0.029,0.030,0.031,0.034,0.035,0.036,0.036,0.0395665492,0.040555713,0.0415448767,0.0425340404,0.0413820523,0.0423225534,0.0432630546,0.0442035558,0.045144057,0.0460845582,0.0470250594,0.0479655606,0.0489060618
BFL0F0000K02PF_15,,,,,,,0.028,0.029,0.030,0.031,0.034,0.035,0.036,0.036,0.0395665492,0.040555713,0.0415448767,0.0425340404,0.0413820523,0.0423225534,0.0432630546,0.0442035558,0.045144057,0.0460845582,0.0470250594,0.0479655606,0.0489060618
BFL0F000ZK25DC_9,,,,,,,0.028,0.029,0.030,0.031,0.034,0.035,0.0355615899,0.0364974212,0.0395665492,0.040555713,0.0415448767,0.0425340404,0.0413820523,0.0423225534,0.0432630546,0.0442035558,0.045144057,0.0460845582,0.0470250594,0.0479655606,0.0489060618
BFL0F000ZK25DC_10,,,,,,,0.028,0.029,0.030,0.031,0.034,0.035,0.036,0.036,0.0395665492,0.040555713,0.0415448767,0.0425340404,0.0413820523,0.0423225534,0.0432630546,0.0442035558,0.045144057,0.0460845582,0.0470250594,0.0479655606,0.0489060618
BFL0F000ZK25DC_11,,,,,,,0.028,0.029,0.030,0.031,0.034,0.035,0.036,0.036,0.0395665492,0.040555713,0.0415448767,0.0425340404,0.0413820523,0.0423225534,0.0432630546,0.0442035558,0.045144057,0.0460845582,0.0470250594,0.0479655606,0.0489060618
BFL0F000ZK25DC_12,,,,,,,0.028,0.029,0.030,0.031,0.034,0.035,0.036,0.036,0.0395665492,0.040555713,0.0415448767,0.0425340404,0.0413820523,0.0423225534,0.0432630546,0.0442035558,0.045144057,0.0460845582,0.0470250594,0.0479655606,0.0489060618
BFL0F000ZK25DC_13,,,,,,,0.028,0.029,0.030,0.031,0.034,0.035,0.036,0.036,0.0395665492,0.040555713,0.0415448767,0.0425340404,0.0413820523,0.0423225534,0.0432630546,0.0442035558,0.045144057,0.0460845582,0.0470250594,0.0479655606,0.0489060618
BFL0F000ZK25DC_14,,,,,,,0.028,0.029,0.030,0.031,0.034,0.035,0.036,0.036,0.0395665492,0.040555713,0.0415448767,0.0425340404,0.0413820523,0.0423225534,0.0432630546,0.0442035558,0.045144057,0.0460845582,0.0470250594,0.0479655606,0.0489060618
BFL0F000ZK25DC_15,,,,,,,0.028,0.029,0.030,0.031,0.034,0.035,0.036,0.036,0.0395665492,0.040555713,0.0415448767,0.0425340404,0.0413820523,0.0423225534,0.0432630546,0.0442035558,0.045144057,0.0460845582,0.0470250594,0.0479655606,0.0489060618
BFL0FFINZK12DC_9,,,,,,,0.056,0.058,0.060,0.062,0.067,,,,,,,,,,,,,,,,
BFL0FFINZK12DC_10,,,,,,,0.056,0.058,0.060,0.062,0.067,,,,,,,,,,,,,,,,
BFL0FFINZK12DC_11,,,,,,,0.056,0.058,0.060,0.062,0.067,,,,,,,,,,,,,,,,
BFL0FFINZK12DC_12,,,,,,,0.056,0.058,0.060,0.062,0.067,,,,,,,,,,,,,,,,
BFL0FFINZK12DC_13,,,,,,,0.056,0.058,0.060,0.062,0.067,,,,,,,,,,,,,,,,
BFL0FFINZK12DC_14,,,,,,,0.056,0.058,0.060,0.062,0.067,,,,,,,,,,,,,,,,
BFL0FFINZK12DC_15,,,,,,,0.056,0.058,0.060,0.062,0.067,,,,,,,,,,,,,,,,
BFL0FTAYZK12DC_22,,,,,,,0.029,0.030,0.031,0.031,0.034,0.035,0.035,0.036,0.0387415837,0.0397101233,0.0406786629,0.0416472024,0.0398735008,0.0407797167,0.0416859327,0.0425921486,0.0434983645,0.0444045805,0.0453107964,0.0462170123,0.0471232282
BFL0FWOTZK12DC_16,,,,,,,0.029,0.030,0.031,0.031,0.034,0.035,0.035,0.036,0.0387415837,0.0397101233,0.0406786629,0.0416472024,0.0398735008,0.0407797167,0.0416859327,0.0425921486,0.0434983645,0.0444045805,0.0453107964,0.0462170123,0.0471232282
BFL0FWOTZK12DC_17,,,,,,,0.029,0.030,0.031,0.031,0.034,0.035,0.035,0.036,0.0387415837,0.0397101233,0.0406786629,0.0416472024,0.0398735008,0.0407797167,0.0416859327,0.0425921486,0.0434983645,0.0444045805,0.0453107964,0.0462170123,0.0471232282
BFL0FWOTZK12DC_18,,,,,,,0.029,0.030,0.031,0.031,0.034,0.035,0.035,0.036,0.0387415837,0.0397101233,0.0406786629,0.0416472024,0.0398735008,0.0407797167,0.0416859327,0.0425921486,0.0434983645,0.0444045805,0.0453107964,0.0462170123,0.0471232282
BFL0FWOTZK12DC_19,,,,,,,0.029,0.030,0.031,0.031,0.034,0.035,0.035,0.036,0.0387415837,0.0397101233,0.0406786629,0.0416472024,0.0398735008,0.0407797167,0.0416859327,0.0425921486,0.0434983645,0.0444045805,0.0453107964,0.0462170123,0.0471232282
BFL0FWOTZK12DC_20,,,,,,,0.029,0.030,0.031,0.031,0.034,0.035,0.035,0.036,0.0387415837,0.0397101233,0.0406786629,0.0416472024,0.0398735008,0.0407797167,0.0416859327,0.0425921486,0.0434983645,0.0444045805,0.0453107964,0.0462170123,0.0471232282
BFL0FWOTZK12DC_21,,,,,,,0.029,0.030,0.031,0.031,0.034,0.035,0.035,0.036,0.0387415837,0.0397101233,0.0406786629,0.0416472024,0.0398735008,0.0407797167,0.0416859327,0.0425921486,0.0434983645,0.0444045805,0.0453107964,0.0462170123,0.0471232282
BFL0MEATZK02DC_16,,,,,,,0.029,0.030,0.031,0.031,0.034,0.035,0.035,0.036,0.0387415837,0.0397101233,0.0406786629,0.0416472024,0.0398735008,0.0407797167,0.0416859327,0.0425921486,0.0434983645,0.0444045805,0.0453107964,0.0462170123,0.0471232282
BFL0MEATZK02DC_17,,,,,,,0.029,0.030,0.031,0.031,0.034,0.035,0.035,0.036,0.0387415837,0.0397101233,0.0406786629,0.0416472024,0.0398735008,0.0407797167,0.0416859327,0.0425921486,0.0434983645,0.0444045805,0.0453107964,0.0462170123,0.0471232282
BFL0MEATZK02DC_18,,,,,,,0.029,0.030,0.031,0.031,0.034,0.035,0.035,0.036,0.0387415837,0.0397101233,0.0406786629,0.0416472024,0.0398735008,0.0407797167,0.0416859327,0.0425921486,0.0434983645,0.0444045805,0.0453107964,0.0462170123,0.0471232282
BFL0MEATZK02DC_19,,,,,,,0.029,0.030,0.031,0.031,0.034,0.035,0.035,0.036,0.0387415837,0.0397101233,0.0406786629,0.0416472024,0.0398735008,0.0407797167,0.0416859327,0.0425921486,0.0434983645,0.0444045805,0.0453107964,0.0462170123,0.0471232282
BFL0MEATZK02DC_20,,,,,,,0.029,0.030,0.031,0.031,0.034,0.035,0.035,0.036,0.0387415837,0.0397101233,0.0406786629,0.0416472024,0.0398735008,0.0407797167,0.0416859327,0.0425921486,0.0434983645,0.0444045805,0.0453107964,0.0462170123,0.0471232282
BFL0MEATZK02DC_21,,,,,,,0.029,0.030,0.031,0.031,0.034,0.035,0.035,0.036,0.0387415837,0.0397101233,0.0406786629,0.0416472024,0.0398735008,0.0407797167,0.0416859327,0.0425921486,0.0434983645,0.0444045805,0.0453107964,0.0462170123,0.0471232282
BLG018230K02DF_27,,,,,,,,,,,,,,0.362,0.387,0.397,0.406,0.415999382,0.4256737862,0.4353481905,0.4450225947,0.4546969989,0.4643714031,0.4740458074,0.4837202116,0.4933946158,0.5030690201
BLG0F0000K02DC_27,,,,,,,0.119,0.122,0.126,0.130,0.167,0.172,0.176,0.181,0.193,0.198,0.203,0.207999691,0.2128368931,0.2176740952,0.2225112973,0.2273484995,0.2321857016,0.2370229037,0.2418601058,0.2466973079,0.25153451
BLG0F0000K02DF_27,,,,,,,0.119,0.122,0.126,0.130,0.167,0.172,0.176,0.181,0.193,0.198,0.203,0.207999691,0.2128368931,0.2176740952,0.2225112973,0.2273484995,0.2321857016,0.2370229037,0.2418601058,0.2466973079,0.25153451
BLG0F000ZK25DC_27,,,,,,,0.119,0.122,0.126,0.130,0.167,0.172,0.176,0.181,0.193,0.198,0.203,0.207999691,0.2128368931,0.2176740952,0.2225112973,0.2273484995,0.2321857016,0.2370229037,0.2418601058,0.2466973079,0.25153451
BLGS07595P24DF_28,,,,,,,0.254,0.261,,,,,,,,,,,,,,,,,,,
BLGSF0000K02DC_28,,,,,,,0.127,0.131,0.135,0.139,0.143,0.147,0.151,0.155,0.160,0.164,0.167,0.1714869305,0.1845381335,0.188732182,0.1929262305,0.1971202789,0.2013143274,0.2055083759,0.2097024244,0.2138964729,0.2180905214
BLGSF0000K02DF_28,,,,,,,0.127,0.131,0.135,0.139,0.143,0.147,0.151,0.155,0.160,0.164,0.167,0.1714869305,0.1845381335,0.188732182,0.1929262305,0.1971202789,0.2013143274,0.2055083759,0.2097024244,0.2138964729,0.2180905214
BLGSF000ZK25DC_28,,,,,,,0.127,0.131,0.135,0.139,0.143,0.147,0.151,0.155,0.160,0.164,0.167,0.1714869305,0.1845381335,0.188732182,0.1929262305,0.1971202789,0.2013143274,0.2055083759,0.2097024244,0.2138964729,0.2180905214
BLGSF00FZK12DC_28,,,,,,,0.127,0.131,0.135,0.139,0.143,0.147,0.151,0.155,0.160,0.164,0.167,0.1714869305,0.1845381335,0.188732182,0.1929262305,0.1971202789,0.2013143274,0.2055083759,0.2097024244,0.2138964729,0.2180905214
BLGSFBSDZK12DC_32,,,,,,,0.0453987322,0.0468174425,0.0482361529,0.0496548633,0.050203221,0.0515977549,0.0529922888,0.0543868227,0.054814298,0.0561846555,0.0575550129,0.0589253704,0.0649553546,0.0664316127,0.0679078707,0.0693841288,0.0708603868,0.0723366449,0.073812903,0.075289161,0.0767654191
BLGSFBSDZK12DF_32,,,,,,,0.0453987322,0.0468174425,0.0482361529,0.0496548633,0.050203221,0.0515977549,0.0529922888,0.0543868227,0.054814298,0.0561846555,0.0575550129,0.0589253704,0.0649553546,0.0664316127,0.0679078707,0.0693841288,0.0708603868,0.0723366449,0.073812903,0.075289161,0.0767654191
BLGSFTAYZK12DC_34,,,,,,,0.1267684836,0.1307299987,0.1346915138,0.1386530289,0.1430924987,0.1470672903,0.151042082,0.1550168736,0.159522726,0.1635107942,0.1674988623,0.1714869305,0.1845381335,0.188732182,0.1929262305,0.1971202789,0.2013143274,0.2055083759,0.2097024244,0.2138964729,0.2180905214
BLGSMF000K05DC_28,,,,,,,0.127,0.131,0.135,0.139,0.143,0.147,0.151,0.155,0.160,0.164,0.167,0.1714869305,0.1845381335,0.188732182,0.1929262305,0.1971202789,0.2013143274,0.2055083759,0.2097024244,0.2138964729,0.2180905214
BTH005565K06DF_30,,,,,,,0.179,0.184,0.190,0.196,,,,,,,,,,,,,,,,,
BTH007585K04DC_30,,,,,,,,,,,0.208,0.213,0.219,0.225,0.238,0.244,0.250,0.255566528,,,,,,,,,
BTH007585P12DF_30,,,,,,,,,,,0.208,0.213,0.219,0.225,0.238,0.244,0.250,0.255566528,,,,,,,,,
BTH009100K06DF_30,,,,,,,,,,,,,0.219,0.225,0.238,0.244,0.250,0.255566528,,,,,,,,,
BTH009100P10DC_30,,,,,,,,,,,,,0.219,0.225,0.238,0.244,0.250,0.255566528,,,,,,,,,
BTH0CU020K02DF_30,,,,,,,0.089,0.092,0.095,0.098,0.104,0.107,0.110,0.112,0.119,0.122,0.125,0.127783264,0.1396574749,0.1428315084,0.1460055419,0.1491795754,0.152353609,0.1555276425,0.158701676,0.1618757095,0.165049743
BTH0F0000K02DC_30,,,,,,,0.089,0.092,0.095,0.098,0.104,0.107,0.110,0.112,0.119,0.122,0.125,0.127783264,0.1396574749,0.1428315084,0.1460055419,0.1491795754,0.152353609,0.1555276425,0.158701676,0.1618757095,0.165049743
BTH0F0000K02DF_30,,,,,,,0.089,0.092,0.095,0.098,0.104,0.107,0.110,0.112,0.119,0.122,0.125,0.127783264,0.1396574749,0.1428315084,0.1460055419,0.1491795754,0.152353609,0.1555276425,0.158701676,0.1618757095,0.165049743
BTH0F000ZK25DC_30,,,,,,,0.089,0.092,0.095,0.098,0.104,0.107,0.110,0.112,0.119,0.122,0.125,0.127783264,0.1396574749,0.1428315084,0.1460055419,0.1491795754,0.152353609,0.1555276425,0.158701676,0.1618757095,0.165049743
BTH0F00DZK12DC_30,,,,,,,,,,,,,0.219,0.225,0.238,0.244,0.250,0.255566528,0.2793149498,,,,,,,,
BTHS07595P24DF_31,,,,,,,,,,,,,0.183,0.188,0.196,0.201,0.206,0.2104440921,0.2341235132,,,,,,,,
BTHS07595P24DF_32,,,,,,,,,,,,,0.183,0.188,0.196,0.201,0.206,0.2104440921,0.2341235132,,,,,,,,
BTHS5070ZK12DC_31,,,,,,,0.151,0.156,0.161,0.166,,,,,,,,,,,,,,,,,
BTHS5070ZK12DC_32,,,,,,,0.075734544,0.0781012485,0.080467953,0.0828346575,0.0866471189,0.0890539833,0.0914608477,0.0938677121,0.0978809731,0.1003279974,0.1027750217,0.105222046,0.1170617566,0.1197222511,0.1223827456,0.12504324,0.1277037345,0.130364229,0.1330247234,0.1356852179,0.1383457124
BTHS7090ZK12DC_31,,,,,,,0.151,0.156,0.161,0.166,,,,,,,,,,,,,,,,,
BTHS7090ZK12DC_32,,,,,,,0.075734544,0.0781012485,0.080467953,0.0828346575,0.0866471189,0.0890539833,0.0914608477,0.0938677121,0.0978809731,0.1003279974,0.1027750217,0.105222046,0.1170617566,0.1197222511,0.1223827456,0.12504324,0.1277037345,0.130364229,0.1330247234,0.1356852179,0.1383457124
BTHS8090ZK12DC_31,,,,,,,,,0.161,0.166,0.173,0.178,0.183,0.188,,,,,,,,,,,,,
BTHS8090ZK12DC_32,,,,,,,,,0.160935906,0.165669315,0.1732942378,0.1781079666,0.1829216954,0.1877354243,,,,,,,,,,,,,
BTHS8499ZK12DC_31,,,,,,,,,,,0.173,0.178,0.183,0.188,0.196,0.201,0.206,0.2104440921,,,,,,,,,
BTHS8499ZK12DC_32,,,,,,,,,,,0.1732942378,0.1781079666,0.1829216954,0.1877354243,0.1957619461,0.2006559948,0.2055500434,0.2104440921,,,,,,,,,
BTHSF0000K02DC_31,,,,,,,0.076,0.078,0.080,0.083,0.087,0.089,0.091,0.094,0.098,0.100,0.103,0.105222046,0.1170617566,0.1197222511,0.1223827456,0.12504324,0.1277037345,0.130364229,0.1330247234,0.1356852179,0.1383457124
BTHSF0000K02DC_32,,,,,,,0.076,0.078,0.080,0.083,0.087,0.089,0.091,0.094,0.098,0.100,0.103,0.105222046,0.1170617566,0.1197222511,0.1223827456,0.12504324,0.1277037345,0.130364229,0.1330247234,0.1356852179,0.1383457124
BTHSF0000K02DF_31,,,,,,,0.076,0.078,0.080,0.083,0.087,0.089,0.091,0.094,0.098,0.100,0.103,0.105222046,0.1170617566,0.1197222511,0.1223827456,0.12504324,0.1277037345,0.130364229,0.1330247234,0.1356852179,0.1383457124
BTHSF0000K02DF_32,,,,,,,0.076,0.078,0.080,0.083,0.087,0.089,0.091,0.094,0.098,0.100,0.103,0.105222046,0.1170617566,0.1197222511,0.1223827456,0.12504324,0.1277037345,0.130364229,0.1330247234,0.1356852179,0.1383457124
BTHSF000ZK25DC_31,,,,,,,0.076,0.078,0.080,0.083,0.087,0.089,0.091,0.094,0.098,0.100,0.103,0.105222046,0.1170617566,0.1197222511,0.1223827456,0.12504324,0.1277037345,0.130364229,0.1330247234,0.1356852179,0.1383457124
BTHSF000ZK25DC_32,,,,,,,0.076,0.078,0.080,0.083,0.087,0.089,0.091,0.094,0.098,0.100,0.103,0.105222046,0.1170617566,0.1197222511,0.1223827456,0.12504324,0.1277037345,0.130364229,0.1330247234,0.1356852179,0.1383457124
BTHSF00FZK12DC_31,,,,,,,0.076,0.078,0.080,0.083,0.087,0.089,0.091,0.094,0.098,0.100,0.103,0.105222046,0.1170617566,0.1197222511,0.1223827456,0.12504324,0.1277037345,0.130364229,0.1330247234,0.1356852179,0.1383457124
BTHSF00FZK12DC_32,,,,,,,0.076,0.078,0.080,0.083,0.087,0.089,0.091,0.094,0.098,0.100,0.103,0.105222046,0.1170617566,0.1197222511,0.1223827456,0.12504324,0.1277037345,0.130364229,0.1330247234,0.1356852179,0.1383457124
BTHSMF000K04DC_31,,,,,,,0.076,0.078,0.080,0.083,0.087,0.089,0.091,0.094,0.098,0.100,0.103,0.105222046,0.1170617566,0.1197222511,0.1223827456,0.12504324,0.1277037345,0.130364229,0.1330247234,0.1356852179,0.1383457124
BTHSMF000K04DC_32,,,,,,,0.076,0.078,0.080,0.083,0.087,0.089,0.091,0.094,0.098,0.100,0.103,0.105222046,0.1170617566,0.1197222511,0.1223827456,0.12504324,0.1277037345,0.130364229,0.1330247234,0.1356852179,0.1383457124
BTHSMF000K04DF_31,,,,,,,0.076,0.078,0.080,0.083,0.087,0.089,0.091,0.094,0.098,0.100,0.103,0.105222046,0.1170617566,0.1197222511,0.1223827456,0.12504324,0.1277037345,0.130364229,0.1330247234,0.1356852179,0.1383457124
BTHSMF000K04DF_32,,,,,,,0.076,0.078,0.080,0.083,0.087,0.089,0.091,0.094,0.098,0.100,0.103,0.105222046,0.1170617566,0.1197222511,0.1223827456,0.12504324,0.1277037345,0.130364229,0.1330247234,0.1356852179,0.1383457124
BTHSMF02CK02DF_33,,,,,,,0.1267684836,0.1307299987,0.1346915138,0.1386530289,0.1430924987,0.1470672903,0.151042082,0.1550168736,0.159522726,0.1635107942,0.1674988623,0.1714869305,0.1845381335,0.188732182,0.1929262305,0.1971202789,0.2013143274,0.2055083759,0.2097024244,0.2138964729,0.2180905214
BTHSMF0FFK04DC_31,,,,,,,0.076,0.078,0.080,0.083,0.087,0.089,0.091,0.094,0.098,0.100,0.103,0.105222046,0.1170617566,0.1197222511,0.1223827456,0.12504324,0.1277037345,0.130364229,0.1330247234,0.1356852179,0.1383457124
BTHSMF0FFK04DC_32,,,,,,,0.076,0.078,0.080,0.083,0.087,0.089,0.091,0.094,0.098,0.100,0.103,0.105222046,0.1170617566,0.1197222511,0.1223827456,0.12504324,0.1277037345,0.130364229,0.1330247234,0.1356852179,0.1383457124
C10PCKP0ZP10DC_4,,,,,,,,,,,,1.249,1.283,1.316,1.350,,,,,,,,,,,,
C3JW00BRUK02DF_1,,,,,,,0.184,0.189,0.195,0.201,0.206,0.212,0.218,0.224,0.235,0.241,0.246,0.2522929314,0.2581602089,,,,,,,,
C3JW00BRUK02DF_2,,,,,,,0.184,0.189,0.195,0.201,0.206,0.212,0.218,0.224,0.235,0.241,0.246,0.2522929314,0.2581602089,,,,,,,,
C3JW00BRUK02DF_4,,,,,,,0.184,0.189,0.195,0.201,0.206,0.212,0.218,0.224,0.235,0.241,0.246,0.2522929314,0.2581602089,,,,,,,,
C3JW07100K02DC_1,,,0.161,0.166,0.172,0.178,0.184,0.189,0.195,0.201,,,,,,,,,,,,,,,,,
C3JW07100K02DC_2,,,0.161,0.166,0.172,0.178,0.184,0.189,0.195,0.201,0.206,0.212,0.218,0.224,,,,,,,,,,,,,
C3JW07100K02DC_4,,,0.161,0.166,0.172,0.178,0.184,0.189,0.195,0.201,0.206,0.212,0.218,0.224,,,,,,,,,,,,,
C3JW07100K02DF_1,,,0.161,0.166,0.172,0.178,0.184,0.189,0.195,0.201,,,,,,,,,,,,,,,,,
C3JW07100K02DF_2,,,0.161,0.166,0.172,0.178,0.184,0.189,0.195,0.201,0.206,0.212,0.218,0.224,,,,,,,,,,,,,
C3JW07100K02DF_4,,,0.161,0.166,0.172,0.178,0.184,0.189,0.195,0.201,0.206,0.212,0.218,0.224,,,,,,,,,,,,,
C3JW0710ZK12DC_1,,,0.161,0.166,0.172,0.178,0.184,0.189,0.195,0.201,0.206,0.212,0.218,0.224,,,,,,,,,,,,,
C3JW0710ZK12DC_2,,,0.161,0.166,0.172,0.178,0.184,0.189,0.195,0.201,0.206,0.212,0.218,0.224,,,,,,,,,,,,,
C3JW0710ZK12DC_4,,,0.161,0.166,0.172,0.178,0.184,0.189,0.195,0.201,0.206,0.212,0.218,0.224,,,,,,,,,,,,,
C3JW09120K04DF_1,,,,,,,,,,,0.206,0.212,0.218,0.224,0.235,0.241,0.246,,,,,,,,,,
C3JW09120K04DF_2,,,,,,,,,,,0.206,0.212,0.218,0.224,0.235,0.241,0.246,0.2522929314,0.2581602089,,,,,,,,
C3JW09120K04DF_4,,,,,,,,0.189,0.195,0.201,0.206,0.212,0.218,0.224,0.235,0.241,0.246,0.2522929314,0.2581602089,,,,,,,,
C3JW09130K02DC_1,,,,,,,,,,,0.206,0.212,0.218,0.224,0.235,0.241,0.246,0.2522929314,0.2581602089,,,,,,,,
C3JW09130K02DC_2,,,,,,,,,,,0.206,0.212,0.218,0.224,0.235,0.241,0.246,0.2522929314,0.2581602089,,,,,,,,
C3JW09130K02DC_4,,,,,,,,0.189,0.195,0.201,0.206,0.212,0.218,0.224,0.235,0.241,0.246,0.2522929314,0.2581602089,,,,,,,,
C3JW09130K02DF_1,,,,,,,,,,,0.206,0.212,0.218,0.224,0.235,0.241,0.246,0.2522929314,0.2581602089,,,,,,,,
C3JW09130K02DF_2,,,,,,,,,,,0.206,0.212,0.218,0.224,0.235,0.241,0.246,0.2522929314,0.2581602089,,,,,,,,
C3JW09130K02DF_4,,,,,,,,0.189,0.195,0.201,0.206,0.212,0.218,0.224,0.235,0.241,0.246,0.2522929314,0.2581602089,,,,,,,,
C3JW0913VP06DC_1,,,,,,,,,,,0.206,0.212,0.218,0.224,0.235,0.241,0.246,0.2522929314,0.2581602089,,,,,,,,
C3JW0913VP06DC_2,,,,,,,,,,,0.206,0.212,0.218,0.224,0.235,0.241,0.246,0.2522929314,0.2581602089,,,,,,,,
C3JW0913VP06DC_4,,,,,,,,0.189,0.195,0.201,0.206,0.212,0.218,0.224,0.235,0.241,0.246,0.2522929314,0.2581602089,,,,,,,,
C3JW0913VP06DF_1,,,,,,,,,,,0.206,0.212,0.218,0.224,0.235,0.241,0.246,0.2522929314,0.2581602089,,,,,,,,
C3JW0913VP06DF_2,,,,,,,,,,,0.206,0.212,0.218,0.224,0.235,0.241,0.246,0.2522929314,0.2581602089,,,,,,,,
C3JW0913VP06DF_4,,,,,,,,0.189,0.195,0.201,0.206,0.212,0.218,0.224,0.235,0.241,0.246,0.2522929314,0.2581602089,,,,,,,,
C3JW0WIPZK12DC_1,,,,,,,0.184,0.189,0.195,0.201,0.206,0.212,0.218,0.224,0.235,0.241,0.246,0.2522929314,0.2581602089,,,,,,,,
C3JW0WIPZK12DC_2,,,,,,,0.184,0.189,0.195,0.201,0.206,0.212,0.218,0.224,0.235,0.241,0.246,0.2522929314,0.2581602089,,,,,,,,
C3JW0WIPZK12DC_4,,,,,,,0.184,0.189,0.195,0.201,0.206,0.212,0.218,0.224,0.235,0.241,0.246,0.2522929314,0.2581602089,,,,,,,,
C3JWL0000K02DF_1,,,,,,,0.184,0.189,0.195,0.201,0.206,0.212,0.218,0.224,0.235,0.241,0.246,0.2522929314,0.2581602089,,,,,,,,
C3JWL0000K02DF_2,,,,,,,0.184,0.189,0.195,0.201,0.206,0.212,0.218,0.224,0.235,0.241,0.246,0.2522929314,0.2581602089,,,,,,,,
C3JWL0000K02DF_4,,,,,,,0.184,0.189,0.195,0.201,0.206,0.212,0.218,0.224,0.235,0.241,0.246,0.2522929314,0.2581602089,,,,,,,,
C3JWNSBRUK02DF_1,,,0.161,0.166,0.172,0.178,0.184,0.189,0.195,0.201,,,,,,,,,,,,,,,,,
C3JWNSBRUK02DF_2,,,,,,,0.184,0.189,0.195,0.201,,,,,,,,,,,,,,,,,
C3JWNSBRUK02DF_4,,,,,,,0.184,0.189,0.195,0.201,,,,,,,,,,,,,,,,,
C4PC00000P08DC_5,,,,,,,1.080,1.114,,,,,,,,,,,,,,,,,,,
C8PC0TEXZP08DC_5,,,,,,,,,,1.181,1.215,1.249,1.283,,,,,,,,,,,,,,
C8PC0TEXZP16DC_2,,,,,,,,,,1.181,1.215,1.249,1.283,,,,,,,,,,,,,,
C9PC00000P18DC_1,,,,0.979,1.013,1.046,1.080,1.114,1.148,1.181,1.215,1.249,,,,,,,,,,,,,,,
C9PC00000P18DF_1,,,,0.979,1.013,1.046,1.080,1.114,1.148,1.181,1.215,1.249,,,,,,,,,,,,,,,
C9PC00WDZP18DC_1,,,,,,,1.080,1.114,1.148,1.181,1.215,1.249,,,,,,,,,,,,,,,
C9PC0WIPZP18DC_1,,,,,,,1.080,1.114,1.1475,1.18125,1.215,1.24875,,,,,,,,,,,,,,,
C9PCAW000P18DC_1,,,,,,,1.080,1.114,1.148,1.181,1.215,1.249,,,,,,,,,,,,,,,
C9PCAW000P18DF_1,,,,,,,1.080,1.114,1.148,1.181,1.215,1.249,,,,,,,,,,,,,,,
C9PCAW00ZP18DC_1,,,,,,,,,,1.181,1.215,1.249,1.283,,,,,,,,,,,,,,
C9PCGCH00P18DF_1,,,,,,,,1.114,1.1475,1.18125,1.215,1.24875,,,,,,,,,,,,,,,
C9PCMD000P18DC_1,,,,,,,1.080,1.114,1.148,1.181,1.215,1.249,,,,,,,,,,,,,,,
C9PCMD000P18DF_1,,,,,,,1.080,1.114,1.148,1.181,1.215,1.249,,,,,,,,,,,,,,,
C9PCMD00ZP18DC_1,,,,,,,1.080,1.114,1.148,1.181,1.215,1.249,,,,,,,,,,,,,,,
C9PCMDSTZP18DC_1,,,,,,,1.080,1.114,1.148,1.181,1.215,1.249,,,,,,,,,,,,,,,
C9PCWBM20P18DC_1,,,,,,,,,,,1.215,1.249,1.283,1.316,1.350,1.384,1.418,1.45125,,,,,,,,,
C9PCWBM20P18DF_1,,,,,,,,,,,1.215,1.249,1.283,1.316,1.350,1.384,1.418,1.45125,,,,,,,,,
CBR0F0000K06DC_23,,,,,,,,,,,0.554,0.569,0.584,0.600,0.615,0.630,0.646,0.661125,0.6765,0.691875,,,,,,,
CBR0F0000K06DF_23,,,,,,,,,,,0.554,0.569,0.584,0.600,0.615,0.630,0.646,0.661125,0.6765,0.691875,,,,,,,
CBRSH2332P10DC_23,,,,,,,,,,,0.554,0.569,0.584,0.600,0.615,0.630,0.646,0.661125,0.6765,0.691875,,,,,,,
CBRSH2332P10DF_23,,,,,,,,,,,0.554,0.569,0.584,0.600,0.615,0.630,0.646,0.661125,0.6765,0.691875,,,,,,,
CBRSHWIPZK12DC_23,,,,,,,,,,,0.554,0.569,0.584,0.600,0.615,0.630,0.646,0.661125,0.6765,0.691875,,,,,,,
CCHI6080ZK06DC_3,,,0.945,0.979,1.013,1.046,1.080,1.114,1.148,1.181,1.215,1.249,1.283,1.316,1.350,1.384,1.418,1.45125,,,,,,,,,
CCHICU000K02DC_3,,,0.945,0.979,1.013,1.046,1.080,1.114,1.148,1.181,1.215,1.249,1.283,1.316,1.350,1.384,1.418,1.45125,,,,,,,,,
CCHICU000K06DC_3,,,0.945,0.979,1.013,1.046,1.080,1.114,1.148,1.181,1.215,1.249,1.283,1.316,1.350,1.384,1.418,1.45125,,,,,,,,,
CCHICU000K06DF_3,,,0.945,0.979,1.013,1.046,1.080,1.114,1.148,1.181,1.215,1.249,1.283,1.316,1.350,1.384,1.418,1.45125,,,,,,,,,
CCHICU000RETDC_3,,,0.945,0.979,1.013,1.046,1.080,1.114,1.148,1.181,1.215,1.249,1.283,1.316,1.350,1.384,1.418,1.45125,,,,,,,,,
CCHICU000RETDF_3,,,0.945,0.979,1.013,1.046,1.080,1.114,1.148,1.181,1.215,1.249,1.283,1.316,1.350,1.384,1.418,1.45125,,,,,,,,,
CDS008110K02DC_26,,,,,,,0.178,0.183,0.189,0.194,0.200,0.206,0.211,0.217,,,,,,,,,,,,,
CDS008110K02DC_30,,,,,,,0.178,0.183,0.189,0.194,0.200,0.206,0.211,0.217,,,,,,,,,,,,,
CDS008110K02DC_31,,,,,,,0.178,0.183,0.189,0.194,0.200,0.206,0.211,0.217,,,,,,,,,,,,,
CDS008110K02DF_26,,,,,,,0.178,0.183,0.189,0.194,0.200,0.206,0.211,0.217,,,,,,,,,,,,,
CDS008110K02DF_30,,,,,,,0.178,0.183,0.189,0.194,0.200,0.206,0.211,0.217,,,,,,,,,,,,,
CDS008110K02DF_31,,,,,,,0.178,0.183,0.189,0.194,0.200,0.206,0.211,0.217,,,,,,,,,,,,,
CDS0081BZK12DC_26,,,,,,,0.085,0.088,0.091,0.093,0.093,0.096,0.098,0.101,0.100,0.103,0.105,0.1079375562,0.1126871387,0.1152482101,0.1178092814,0.1203703527,0.1229314241,0.1254924954,0.1280535668,0.1306146381,0.1331757094
CDS0081BZK12DC_30,,,,,,,0.085,0.088,0.091,0.093,0.093,0.096,0.098,0.101,0.100,0.103,0.105,0.1079375562,0.1126871387,0.1152482101,0.1178092814,0.1203703527,0.1229314241,0.1254924954,0.1280535668,0.1306146381,0.1331757094
CDS0081BZK12DC_31,,,,,,,0.085,0.088,0.091,0.093,0.093,0.096,0.098,0.101,0.100,0.103,0.105,0.1079375562,0.1126871387,0.1152482101,0.1178092814,0.1203703527,0.1229314241,0.1254924954,0.1280535668,0.1306146381,0.1331757094
CDS00WIPZK12DC_26,,,,,,,0.178,0.183,0.189,0.194,0.200,0.206,0.211,0.217,0.231,0.237,0.243,0.2484160974,0.2541932159,0.2599703344,,,,,,,
CDS00WIPZK12DC_30,,,,,,,0.178,0.183,0.189,0.194,0.200,0.206,0.211,0.217,0.231,0.237,0.243,0.2484160974,0.2541932159,0.2599703344,,,,,,,
CDS00WIPZK12DC_31,,,,,,,0.089,0.092,0.094,0.097,0.100,0.103,0.106,0.108,0.116,0.118,0.121,0.1242080487,0.1270966079,0.1299851672,0.1328737265,0.1357622858,0.138650845,0.1415394043,0.1444279636,0.1473165229,0.1502050821
CDS010140K02DC_26,,,,,,,,,,,0.200,0.206,0.211,0.217,0.231,0.237,0.243,0.2484160974,0.2541932159,0.2599703344,,,,,,,
CDS010140K02DC_30,,,,,,,,,,,0.200,0.206,0.211,0.217,0.231,0.237,0.243,0.2484160974,0.2541932159,0.2599703344,,,,,,,
CDS010140K02DC_31,,,,,,,,,,,0.200,0.206,0.211,0.217,0.231,0.237,0.243,0.2484160974,0.2541932159,0.2599703344,,,,,,,
CDS010140K02DF_26,,,,,,,,,,,0.200,0.206,0.211,0.217,0.231,0.237,0.243,0.2484160974,0.2541932159,0.2599703344,,,,,,,
CDS010140K02DF_30,,,,,,,,,,,0.200,0.206,0.211,0.217,0.231,0.237,0.243,0.2484160974,0.2541932159,0.2599703344,,,,,,,
CDS010140K02DF_31,,,,,,,,,,,0.200,0.206,0.211,0.217,0.231,0.237,0.243,0.2484160974,0.2541932159,0.2599703344,,,,,,,
CDS010140P20DC_26,,,,,,,,,,,0.200,0.206,0.211,0.217,0.231,0.237,0.243,0.2484160974,0.2541932159,0.2599703344,,,,,,,
CDS010140P20DC_30,,,,,,,,,,,0.200,0.206,0.211,0.217,0.231,0.237,0.243,0.2484160974,0.2541932159,0.2599703344,,,,,,,
CDS010140P20DC_31,,,,,,,,,,,0.200,0.206,0.211,0.217,0.231,0.237,0.243,0.2484160974,0.2541932159,0.2599703344,,,,,,,
CDS010140P20DF_26,,,,,,,,,,,0.200,0.206,0.211,0.217,0.231,0.237,0.243,0.2484160974,0.2541932159,0.2599703344,,,,,,,
CDS010140P20DF_30,,,,,,,,,,,0.200,0.206,0.211,0.217,0.231,0.237,0.243,0.2484160974,0.2541932159,0.2599703344,,,,,,,
CDS010140P20DF_31,,,,,,,,,,,0.200,0.206,0.211,0.217,0.231,0.237,0.243,0.2484160974,0.2541932159,0.2599703344,,,,,,,
CDS01014VP06DC_26,,,,,,,,,,,0.200,0.206,0.211,0.217,0.231,0.237,0.243,0.2484160974,0.2541932159,0.2599703344,,,,,,,
CDS01014VP06DC_30,,,,,,,,,,,0.200,0.206,0.211,0.217,0.231,0.237,0.243,0.2484160974,0.2541932159,0.2599703344,,,,,,,
CDS01014VP06DC_31,,,,,,,,,,,0.200,0.206,0.211,0.217,0.231,0.237,0.243,0.2484160974,0.2541932159,0.2599703344,,,,,,,
CDS01014VP06DF_26,,,,,,,,,,,0.200,0.206,0.211,0.217,0.231,0.237,0.243,0.2484160974,0.2541932159,0.2599703344,,,,,,,
CDS01014VP06DF_30,,,,,,,,,,,0.200,0.206,0.211,0.217,0.231,0.237,0.243,0.2484160974,0.2541932159,0.2599703344,,,,,,,
CDS01014VP06DF_31,,,,,,,,,,,0.200,0.206,0.211,0.217,0.231,0.237,0.243,0.2484160974,0.2541932159,0.2599703344,,,,,,,
CDS0CU000K02DC_3,,,0.137,0.141,0.146,0.151,0.156,0.161,0.166,0.171,0.176,0.180,0.185,0.190,0.195,0.200,0.205,0.209625,,,,,,,,,
CDS0CU000K02DF_3,,,0.137,0.141,0.146,0.151,0.156,0.161,0.166,0.171,0.176,0.180,0.185,0.190,0.195,0.200,0.205,0.209625,,,,,,,,,
CDS0J0000K02DF_26,,,,,,,,,,,0.200,0.206,0.211,0.217,0.231,0.237,0.243,0.2484160974,0.2541932159,0.2599703344,,,,,,,
CDS0J0000K02DF_30,,0.150,0.156,0.161,0.167,0.172,,,,,,,,,,,,,,,,,,,,,
CDS0J0000K02DF_31,,,,,,,,,,,,,,,,,,,,,,0.2715245715,0.2773016901,0.2830788086,0.2888559272,0.2946330457,0.3004101642
CDS0L0000K02DC_26,,,,,,,,,,,0.200,0.206,0.211,0.217,0.231,0.237,0.243,0.2484160974,0.2541932159,0.2599703344,,,,,,,
CDS0L0000K02DC_30,,,,,,,,,,,,,,,0.231,0.237,0.243,0.2484160974,0.2541932159,0.2599703344,,,,,,,
CDS0L0000K02DC_31,,,,,,,,,,,0.200,0.206,0.211,0.217,0.231,0.237,0.243,0.2484160974,0.2541932159,0.2599703344,,,,,,,
CDS0MD00ZP20DC_26,,,,,,,0.178,0.183,0.189,0.194,0.200,0.206,0.211,0.217,,,,,,,,,,,,,
CDS0MD00ZP20DC_30,,,,,,,0.178,0.183,0.189,0.194,0.200,0.206,0.211,0.217,,,,,,,,,,,,,
CDS0MD00ZP20DC_31,,,,,,,0.178,0.183,0.189,0.194,0.200,0.206,0.211,0.217,,,,,,,,,,,,,
CDS0S0000K02DC_26,,0.150,0.156,0.161,0.167,0.172,0.178,0.183,,,,,,,,,,,,,,,,,,,
CDS0S0000K02DC_30,,0.150,0.156,0.161,0.167,0.172,0.178,0.183,,,,,,,,,,,,,,,,,,,
CDS0S0000K02DC_31,,0.150,0.156,0.161,0.167,0.172,0.178,0.183,,,,,,,,,,0.2484160974,0.2541932159,0.2599703344,,,,,,,
CDS0S0000K02DF_26,,0.150,0.156,0.161,0.167,0.172,0.178,0.183,,,,,,,,,,,,,,,,,,,
CDS0S0000K02DF_30,,0.150,0.156,0.161,0.167,0.172,0.178,0.183,,,,,,,,,,,,,,,,,,,
CDS0S0000K02DF_31,,0.150,0.156,0.161,0.167,0.172,0.178,0.183,,,,,,,,,,0.2484160974,0.2541932159,0.2599703344,,,,,,,
CKE00WIPZK12DC_1,,0.122,0.126,0.131,0.135,0.140,0.144,0.149,0.153,0.158,0.162,0.167,0.172,0.176,0.181,0.185,0.190,0.1940659682,0.1985791302,0.2030922923,,,,,,,
CKE01218VP04DC_1,,,,,,,0.144,0.149,0.153,0.158,0.162,0.167,0.172,0.176,0.181,,,,,,,,,,,,
CKE01218VP04DF_1,,,,,,,0.144,0.149,0.153,0.158,0.162,0.167,0.172,0.176,0.181,,,,,,,,,,,,
CKE0F0000K02DC_1,,0.122,0.126,0.131,0.135,0.140,0.144,0.149,0.153,0.158,0.162,0.167,0.172,0.176,0.181,0.185,0.190,0.1940659682,0.1985791302,0.2030922923,,,,,,,
CKE0F0000K02DF_1,,0.122,0.126,0.131,0.135,0.140,0.144,0.149,0.153,0.158,0.162,0.167,0.172,0.176,0.181,0.185,0.190,0.1940659682,0.1985791302,0.2030922923,,,,,,,
CKE0F000ZK12DC_1,,0.122,0.126,0.131,0.135,0.140,0.144,0.149,0.153,0.158,0.162,0.167,0.172,0.176,0.181,0.185,0.190,0.1940659682,0.1985791302,0.2030922923,,,,,,,
CLG000300K06DC_25,,,,,,,,,,,,,,,,0.595,0.610,0.6240375,0.63855,0.6530625,,,,,,,
CLG00WIPZK12DC_25,,,,,,,0.437,0.450,0.464,0.478,0.491,0.505,0.519,0.532,0.581,0.595,0.610,0.6240375,0.63855,0.6530625,,,,,,,
CLG022270K06DC_25,,,,,,,,0.450,0.464,0.478,0.491,0.505,0.519,0.532,,,,,,,,,,,,,
CLG022270K06DF_25,,,,,,,,0.450,0.464,0.478,0.491,0.505,0.519,0.532,,,,,,,,,,,,,
CLG022270P10DC_25,,,,,,,,0.450,0.464,0.478,0.491,0.505,0.519,0.532,,,,,,,,,,,,,
CLG022270P10DF_25,,,,,,,,0.450,0.464,0.478,0.491,0.505,0.519,0.532,,,,,,,,,,,,,
CLG02227ZP10DC_25,,,,,,,,0.450,0.464,0.478,0.491,0.505,0.519,0.532,,,,,,,,,,,,,
CLG02528ZP10DC_25,,,,,,,,,,,,0.505,0.519,0.532,,,,,,,,,,,,,
CLG026340K06DC_25,,,,,,,,,,,,,0.519,0.532,0.581,0.595,0.610,0.6240375,0.63855,0.6530625,,,,,,,
CLG026340K06DF_25,,,,,,,,,,,,,0.519,0.532,0.581,0.595,0.610,0.6240375,0.63855,0.6530625,,,,,,,
CLG2227KZP10DC_25,,,,,,,,0.450,0.464,0.478,0.491,0.505,0.519,0.532,,,,,,,,,,,,,
CRB00WIPZK12DC_1,,,,0.302,0.312,0.323,0.333,0.344,0.354,0.364,0.375,0.385,0.396,0.406,0.426,0.436,0.447,0.4576232496,0.4682656507,0.4789080519,,,,,,,
CRB015190K02DC_1,,,,0.302,0.312,0.323,0.333,0.344,0.354,0.364,0.375,,,,,,,,,,,,,,,,
CRB015190K02DF_1,,,,0.302,0.312,0.323,0.333,0.344,0.354,0.364,0.375,,,,,,,,,,,,,,,,
CRB015190K06DC_1,,,,0.302,0.312,0.323,0.333,0.344,0.354,0.364,0.375,,,,,,,,,,,,,,,,
CRB019240K02DC_1,,,,,,,,,,,,0.385,0.396,0.406,0.426,0.436,0.447,0.4576232496,0.4682656507,0.4789080519,,,,,,,
CRB019240K02DF_1,,,,,,,,,,,,0.385,0.396,0.406,0.426,0.436,0.447,0.4576232496,0.4682656507,0.4789080519,,,,,,,
CRB019240K06DC_1,,,,0.302,0.312,0.323,0.333,0.344,0.354,0.364,0.375,,,,,,,,,,,,,,,,
CRB01924VP04DC_1,,,,,,,,,,,,0.385,0.396,0.406,0.426,0.436,0.447,0.4576232496,0.4682656507,0.4789080519,,,,,,,
CRB01924VP04DF_1,,,,,,,,,,,,0.385,0.396,0.406,0.426,0.436,0.447,0.4576232496,0.4682656507,0.4789080519,,,,,,,
CSLG2227ZP10DC_25,,,,,,,,,,,,,0.519,0.532,0.581,0.595,0.610,0.6240375,0.63855,0.6530625,,,,,,,
CTH00WIPZK12DC_26,,,,,,0.246,0.254,0.262,0.270,0.278,0.286,0.294,0.302,0.310,0.347,0.355,0.364,0.3724875,0.38115,0.3898125,,,,,,,
CTH013160K02DC_26,,,,,,0.246,0.254,0.262,0.270,0.278,0.286,0.294,0.302,0.310,,,,,,,,,,,,,
CTH013160K02DF_26,,,,,,0.246,0.254,0.262,0.270,0.278,0.286,0.294,0.302,0.310,,,,,,,,,,,,,
CTH013160P20DF_26,,,,,,0.246,0.254,0.262,0.270,0.278,0.286,0.294,0.302,0.310,,,,,,,,,,,,,
CTH01316ZK12DC_26,,,,,,,,0.262,0.270,0.278,0.286,0.294,0.302,0.310,,,,,,,,,,,,,
CTH01316ZP20DC_26,,,,,,,,0.262,0.270,0.278,0.286,0.294,0.302,0.310,,,,,,,,,,,,,
CTH015180P12DF_26,,,,,,,,,,,,,0.302,0.310,0.347,0.355,0.364,0.3724875,0.38115,0.3898125,,,,,,,
CTH016190K02DF_26,,,,,,,,,,,,,,,0.347,0.355,0.364,0.3724875,0.38115,0.3898125,,,,,,,
CTH016210K02DC_26,,,,,,,,,,,,,,,0.347,0.355,0.364,0.3724875,0.38115,0.3898125,,,,,,,
CTH016210K02DF_26,,,,,,,,,,,,,,,0.347,0.355,0.364,0.3724875,0.38115,0.3898125,,,,,,,
CTH016210P20DF_26,,,,,,,,,,,,,,,0.347,0.355,0.364,0.3724875,0.38115,0.3898125,,,,,,,
CTH01621VP04DC_26,,,,,,,,,,,,,,,0.347,0.355,0.364,0.3724875,0.38115,0.3898125,,,,,,,
CTH01621VP04DF_26,,,,,,,,,,,,,,,0.347,0.355,0.364,0.3724875,0.38115,0.3898125,,,,,,,
MPORC8TEXP16DC_2,,,,,,,,,1.1475,1.18125,1.215,1.24875,,,,,,,,,,,,,,,
MPORC9MD0P18DC_1,,,,,,,1.08,1.11375,1.1475,1.18125,1.215,1.24875,,,,,,,,,,,,,,,
MPORC9MDSP18DC_1,,,,,,,1.08,1.11375,1.1475,1.18125,1.215,1.24875,,,,,,,,,,,,,,,
MPORWBPM1P01DF_35,,,,,1.1025,1.13925,1.176,1.21275,1.2495,1.28625,,,,,,,,,,,,,,,,,
MPORWBPM1P02DC_35,,,,,1.1025,1.13925,1.176,1.21275,1.2495,1.28625,,,,,,,,,,,,,,,,,
MPORWHSM1P01DF_35,,,,,1.1025,1.13925,1.176,1.21275,1.2495,1.28625,,,,,,,,,,,,,,,,,
MPORWHYM1P01DF_35,,,,,1.1025,1.13925,1.176,1.21275,1.2495,1.28625,,,,,,,,,,,,,,,,,
MPORWHYM1P02DC_35,,,,,1.1025,1.13925,1.176,1.21275,1.2495,1.28625,,,,,,,,,,,,,,,,,
MPORWKR00P02DF_35,,,,,,,,,,1.28625,1.323,1.35975,,,,,,,,,,,,,,,
MPORWKR00P10DC_36,,,,,,,,,,1.28625,1.323,1.35975,,,,,,,,,,,,,,,
MPORWKRBPP02DF_35,,,,,,,,1.21275,1.2495,1.28625,1.323,,,,,,,,,,,,,,,,
MPORWKRBPP10DC_36,,,,,,,,1.21275,1.2495,1.28625,1.323,,,,,,,,,,,,,,,,
MPORWKRMXP10DC_35,,,,,1.1025,1.13925,1.176,1.21275,1.2495,1.28625,,,,,,,,,,,,,,,,,
MPORWKRMXP10DF_35,,,,,,,,1.21275,1.2495,1.28625,1.323,,,,,,,,,,,,,,,,
MPORWM1BPP02DC_35,,,,,1.1025,1.13925,1.176,1.21275,1.2495,1.28625,,,,,,,,,,,,,,,,,
MPORWM1HSP02DC_35,,,,,1.1025,1.13925,1.176,1.21275,1.2495,1.28625,,,,,,,,,,,,,,,,,
MPORWM1HSRETDC_35,,,,,1.1025,1.13925,1.176,1.21275,1.2495,1.28625,,,,,,,,,,,,,,,,,
MPORWM1HYP02DC_35,,,,,1.1025,1.13925,1.176,1.21275,1.2495,1.28625,,,,,,,,,,,,,,,,,
MPORWM1HYRETDC_35,,,,,1.1025,1.13925,1.176,1.21275,1.2495,1.28625,,,,,,,,,,,,,,,,,
MPORWM1PKP02DC_35,,,,,1.1025,1.13925,1.176,1.21275,1.2495,1.28625,,,,,,,,,,,,,,,,,
MPORWM1PKRETDC_35,,,,,1.1025,1.13925,1.176,1.21275,1.2495,1.28625,,,,,,,,,,,,,,,,,
MPORWM4BPRETDC_35,,,,,1.1025,1.13925,1.176,1.21275,1.2495,1.28625,,,,,,,,,,,,,,,,,
MPORWMHM1P01DF_35,,,,,1.1025,1.13925,1.176,1.21275,1.2495,1.28625,,,,,,,,,,,,,,,,,
MPORWMHM1P02DC_35,,,,,1.1025,1.13925,1.176,1.21275,1.2495,1.28625,,,,,,,,,,,,,,,,,
MPORWNDORP01DF_35,,,,,,,,1.21275,1.2495,1.28625,1.323,,,,,,,,,,,,,,,,
MPORWNDORP02DC_35,,,,,,,,1.21275,1.2495,1.28625,1.323,,,,,,,,,,,,,,,,
MPORWNDORP04DC_36,,,,,,,,1.21275,1.2495,1.28625,1.323,,,,,,,,,,,,,,,,
P2JWF0000K02DC_7,,,,,,,0.058,0.059,0.061,0.063,0.064,0.066,0.0676875,0.06946875,,,,,,,,,,,,,
P2JWF0000K02DF_7,,,,,,,0.058,0.059,0.061,0.063,0.064,0.066,0.0676875,0.06946875,,,,,,,,,,,,,
P2JWF0HSZK12DC_7,,,,,,,0.058,0.059,0.061,0.063,0.064,0.066,0.0676875,0.06946875,,,,,,,,,,,,,
P3JW00000K02PF_6,,,,,,,0.128,0.132,0.136,0.140,0.140,0.144,0.148,0.152,0.152,0.156,0.159,0.163257999,0.1687277022,0.1725624227,0.1763971432,0.1802318637,,,,,
P3JW0000ZK25DC_6,,,,,,,0.064,0.066,0.068,0.070,0.070,0.072,0.0740760925,0.0760254633,0.075933953,0.0778323018,0.0797306507,0.0816289995,0.0843638511,0.0862812113,0.0881985716,0.0901159319,0.0920332921,0.0939506524,0.0958680126,0.0977853729,0.0997027331
P3JW00BRUK02DF_6,,,,,,,0.064,0.066,0.068,0.070,0.070,0.072,0.0740760925,0.0760254633,0.075933953,0.0778323018,0.0797306507,0.0816289995,0.0843638511,0.0862812113,0.0881985716,0.0901159319,0.0920332921,0.0939506524,0.0958680126,0.0977853729,0.0997027331
P3JW07090K02DC_6,,,,,,,,,,,,0.144,0.148,0.152,0.152,0.156,0.159,0.163257999,0.1687277022,0.1725624227,0.1763971432,0.1802318637,,,,,
P3JW07090K02DF_6,,,,,,,,,,,,0.144,0.148,0.152,0.152,0.156,0.159,0.163257999,0.1687277022,0.1725624227,0.1763971432,0.1802318637,,,,,
P3JW08100K02DC_6,,,,,,,,,,,,,,,,0.156,0.159,0.163257999,0.1687277022,0.1725624227,0.1763971432,0.1802318637,0.1840665842,0.1879013047,0.1917360252,0.1955707457,0.1994054662
P3JW08100K02DF_6,,,,,,,,,,,,,,,,0.1556646037,0.1594613013,0.163257999,0.1687277022,0.1725624227,0.1763971432,0.1802318637,0.1840665842,0.1879013047,0.1917360252,0.1955707457,0.1994054662
P3JW0911ZK12DC_6,,,,,,,,,,,,,,,,,,,0.1687277022,0.1725624227,0.1763971432,0.1802318637,0.1840665842,0.1879013047,0.1917360252,0.1955707457,0.1994054662
P3JWLTGIFK02DF_6,,,,,,,0.064,0.066,0.068,0.070,0.070,0.072,0.074,0.076,0.075933953,0.0778323018,0.0797306507,0.0816289995,0.0843638511,0.0862812113,0.0881985716,0.0901159319,0.0920332921,0.0939506524,0.0958680126,0.0977853729,0.0997027331
P3JWS0000K02DC_6,,,,,,,0.128,0.132,0.136,0.140,,,,,,,,,,,,,,,,,
P3JWS0000K02DF_6,,,,,,,0.128,0.132,0.136,0.140,,,,,,,,,,,,,,,,,
P3JWSFPDZK12DC_6,,,,,,,0.064,0.066,0.068,0.070,0.070,0.072,0.074,0.076,0.075933953,0.0778323018,0.0797306507,0.0816289995,0.0843638511,0.0862812113,0.0881985716,0.0901159319,0.0920332921,0.0939506524,0.0958680126,0.0977853729,0.0997027331
PDMT03446K02DC_7,,,,,,,0.070,0.072,0.074,0.076,0.076,0.078,0.080,0.082,0.0816427642,0.0836838333,0.0857249024,0.0877659715,0.0916544123,,,,,,,,
PDMT03446K02DC_8,,,,,,,0.070,0.072,0.074,0.076,0.076,0.078,0.080,0.082,0.082,0.084,0.086,0.0877659715,0.0916544123,,,,,,,,
PDMT04050K02DF_7,,,,,,,,,,,,,0.080,0.082,0.0816427642,0.0836838333,0.0857249024,0.0877659715,0.0916544123,0.0937374671,0.0958205219,0.0979035767,0.0999866316,0.1020696864,0.1041527412,0.106235796,0.1083188509
PDMT04050K02DF_8,,,,,,,,,,,,,0.080,0.082,0.0816427642,0.0836838333,0.0857249024,0.0877659715,0.0916544123,0.0937374671,0.0958205219,0.0979035767,0.0999866316,0.1020696864,0.1041527412,0.106235796,0.1083188509
PDMTF0000K02DC_7,,,,,,,0.035,0.036,0.037,0.038,0.038,0.039,0.0401062171,0.0411616438,0.0408213821,0.0418419167,0.0428624512,0.0438829858,0.0458272061,0.0468687335,0.047910261,0.0489517884,0.0499933158,0.0510348432,0.0520763706,0.053117898,0.0541594254
PDMTF0000K02DC_8,,,,,,,0.035,0.036,0.037,0.038,0.038,0.039,0.040,0.041,0.041,0.042,0.043,0.0438829858,0.0458272061,0.0468687335,0.047910261,0.0489517884,0.0499933158,0.0510348432,0.0520763706,0.053117898,0.0541594254
PDMTF0000K02DF_7,,,,,,,0.035,0.036,0.037,0.038,0.038,0.039,0.040,0.041,0.0408213821,0.0418419167,0.0428624512,0.0438829858,0.0458272061,0.0468687335,0.047910261,0.0489517884,0.0499933158,0.0510348432,0.0520763706,0.053117898,0.0541594254
PDMTF0000K02DF_8,,,,,,,0.035,0.036,0.037,0.038,0.038,0.039,0.040,0.041,0.041,0.042,0.043,0.0438829858,0.0458272061,0.0468687335,0.047910261,0.0489517884,0.0499933158,0.0510348432,0.0520763706,0.053117898,0.0541594254
PDMTF000ZK25DC_7,,,,,,,0.035,0.036,0.037,0.038,0.038,0.039,0.040,0.041,0.0408213821,0.0418419167,0.0428624512,0.0438829858,0.0458272061,0.0468687335,0.047910261,0.0489517884,0.0499933158,0.0510348432,0.0520763706,0.053117898,0.0541594254
PDMTF000ZK25DC_8,,,,,,,0.035,0.036,0.037,0.038,0.038,0.039,0.040,0.041,0.0408213821,0.0418419167,0.0428624512,0.0438829858,0.0458272061,0.0468687335,0.047910261,0.0489517884,0.0499933158,0.0510348432,0.0520763706,0.053117898,0.0541594254
PDMTFBRDZK12DC_7,,,,,,,0.035,0.036,0.037,0.038,0.038,0.039,0.040,0.041,0.0408213821,0.0418419167,0.0428624512,0.0438829858,0.0458272061,0.0468687335,0.047910261,0.0489517884,0.0499933158,0.0510348432,0.0520763706,0.053117898,0.0541594254
PDMTFBRDZK12DC_8,,,,,,,0.035,0.036,0.037,0.038,0.038,0.039,0.040,0.041,0.0408213821,0.0418419167,0.0428624512,0.0438829858,0.0458272061,0.0468687335,0.047910261,0.0489517884,0.0499933158,0.0510348432,0.0520763706,0.053117898,0.0541594254
PDMTFBRDZK12DF_7,,,,,,,0.070,0.072,0.074,0.076,,,,,,,,,,,,,,,,,
PDMTFBRDZK12DF_8,,,,,,,0.070,0.072,0.074,0.076,,,,,,,,,,,,,,,,,
PDMTFFPDZK12DC_7,,,,,,,0.035,0.036,0.037,0.038,0.038,0.039,0.040,0.041,0.0408213821,0.0418419167,0.0428624512,0.0438829858,0.0458272061,0.0468687335,0.047910261,0.0489517884,0.0499933158,0.0510348432,0.0520763706,0.053117898,0.0541594254
PDMTFFPDZK12DC_8,,,,,,,0.035,0.036,0.037,0.038,0.038,0.039,0.040,0.041,0.0408213821,0.0418419167,0.0428624512,0.0438829858,0.0458272061,0.0468687335,0.047910261,0.0489517884,0.0499933158,0.0510348432,0.0520763706,0.053117898,0.0541594254
PDMTFFPDZK12DF_7,,,,,,,0.035,0.036,0.037,0.038,0.038,0.039,0.040,0.041,0.0408213821,0.0418419167,0.0428624512,0.0438829858,0.0458272061,0.0468687335,0.047910261,0.0489517884,0.0499933158,0.0510348432,0.0520763706,0.053117898,0.0541594254
PDMTFFPDZK12DF_8,,,,,,,0.035,0.036,0.037,0.038,0.038,0.039,0.040,0.041,0.0408213821,0.0418419167,0.0428624512,0.0438829858,0.0458272061,0.0468687335,0.047910261,0.0489517884,0.0499933158,0.0510348432,0.0520763706,0.053117898,0.0541594254
PDMTMF000150DC_7,,,,,,,,,,,,,,,,0.0836838333,0.0857249024,0.0877659715,0.0916544123,0.0937374671,0.0958205219,0.0979035767,0.0999866316,0.1020696864,0.1041527412,0.106235796,0.1083188509
PDMTMF000150DC_8,,,,,,,,,,,,,,,,0.0836838333,0.0857249024,0.0877659715,0.0916544123,0.0937374671,0.0958205219,0.0979035767,0.0999866316,0.1020696864,0.1041527412,0.106235796,0.1083188509
PDMTMF000150DF_7,,,,,,,,,,,,,,,,0.0836838333,0.0857249024,0.0877659715,0.0916544123,0.0937374671,0.0958205219,0.0979035767,0.0999866316,0.1020696864,0.1041527412,0.106235796,0.1083188509
PDMTMF000150DF_8,,,,,,,,,,,,,,,,0.0836838333,0.0857249024,0.0877659715,0.0916544123,0.0937374671,0.0958205219,0.0979035767,0.0999866316,0.1020696864,0.1041527412,0.106235796,0.1083188509
PMJW02636K02DC_8,,,,,,,,,,,,,,,,0.0517941502,0.0530574222,0.0543206941,0.0567696285,0.0580598473,0.0593500661,0.060640285,0.0619305038,0.0632207226,0.0645109415,0.0658011603,0.0670913791
PMJWF0000K01DC_8,,,,,,,0.021,0.022,0.022,0.023,0.023,0.024,0.024,0.025,0.0252654391,0.0258970751,0.0265287111,0.0271603471,0.0283848142,0.0290299237,0.0296750331,0.0303201425,0.0309652519,0.0316103613,0.0322554707,0.0329005801,0.0335456896
PMJWF0000K01DF_8,,,,,,,0.021,0.022,0.022,0.023,0.023,0.024,0.024,0.025,0.0252654391,0.0258970751,0.0265287111,0.0271603471,0.0283848142,0.0290299237,0.0296750331,0.0303201425,0.0309652519,0.0316103613,0.0322554707,0.0329005801,0.0335456896
PMJWF0000K02DC_8,,,,,,,0.021,0.022,0.022,0.023,0.023,0.024,0.024,0.025,0.0252654391,0.0258970751,0.0265287111,0.0271603471,0.0283848142,0.0290299237,0.0296750331,0.0303201425,0.0309652519,0.0316103613,0.0322554707,0.0329005801,0.0335456896
PMJWF0000K02DF_8,,,,,,,0.021,0.022,0.022,0.023,0.023,0.024,0.024,0.025,0.0252654391,0.0258970751,0.0265287111,0.0271603471,0.0283848142,0.0290299237,0.0296750331,0.0303201425,0.0309652519,0.0316103613,0.0322554707,0.0329005801,0.0335456896
PMJWF000ZK25DC_8,,,,,,,0.021,0.022,0.022,0.023,0.023,0.024,0.024,0.025,0.0252654391,0.0258970751,0.0265287111,0.0271603471,0.0283848142,0.0290299237,0.0296750331,0.0303201425,0.0309652519,0.0316103613,0.0322554707,0.0329005801,0.0335456896
PMJWF00FZK12DC_8,,,,,,,0.021,0.022,0.022,0.023,0.023,0.024,0.024,0.025,0.0252654391,0.0258970751,0.0265287111,0.0271603471,0.0283848142,0.0290299237,0.0296750331,0.0303201425,0.0309652519,0.0316103613,0.0322554707,0.0329005801,0.0335456896
PMJWF00FZK12DF_8,,,,,,,0.021,0.022,0.022,0.023,0.023,0.024,0.024,0.025,0.0252654391,0.0258970751,0.0265287111,0.0271603471,0.0283848142,0.0290299237,0.0296750331,0.0303201425,0.0309652519,0.0316103613,0.0322554707,0.0329005801,0.0335456896
PMJWMF000150DC_8,,,,,,,,,,,,,,,,,,,0.0567696285,0.0580598473,0.0593500661,0.060640285,0.0619305038,0.0632207226,0.0645109415,0.0658011603,0.0670913791
PMJWMF000150DF_8,,,,,,,,,,,,,,,,,,,0.0567696285,0.0580598473,0.0593500661,0.060640285,0.0619305038,0.0632207226,0.0645109415,0.0658011603,0.0670913791
WBL1BP000P10DC_35,,,,,,,,,,,,,,,,,,,1.617,1.65375,1.6905,1.72725,1.764,1.80075,1.8375,1.87425,1.911
WBL1BP000P10DF_35,,,,,,,,,,,,,,,,,,,1.617,1.65375,1.6905,1.72725,1.764,1.80075,1.8375,1.87425,1.911
WBL1SPG41P01DC_35,,,,,,,,,,,,,,,,,,,1.617,1.65375,1.6905,1.72725,1.764,1.80075,1.8375,1.87425,1.911
WBL1SPHFGP01DC_35,,,,,,,,,,,,,,,,,,,1.617,1.65375,1.6905,1.72725,1.764,1.80075,1.8375,1.87425,1.911
WBL1SPHFGP01DF_35,,,,,,,,,,,,,,,,,,,1.617,1.65375,1.6905,1.72725,1.764,1.80075,1.8375,1.87425,1.911
WBM1BP000P10DC_35,,,,1.06575,1.1025,1.13925,1.176,1.21275,1.2495,1.28625,1.323,,,,,,,,,,,,,,,,
WBM1BP000P10DF_35,,,,,1.1025,1.13925,1.176,1.21275,1.2495,1.28625,1.323,,,,,,,,,,,,,,,,
WBM1SP000P01DC_35,,,,1.06575,1.1025,1.13925,1.176,1.21275,1.2495,1.28625,1.323,,,,,,,,,,,,,,,,
WBM1SP000P01DF_35,,,,,1.1025,1.13925,1.176,1.21275,1.2495,1.28625,1.323,,,,,,,,,,,,,,,,
WBM1SP0JDP01DF_35,,,,,1.1025,1.13925,1.176,1.21275,1.2495,1.28625,1.323,,,,,,,,,,,,,,,,
WBM2BP000P10DC_35,,,,,,,,,,,1.323,1.35975,1.3965,1.43325,1.47,1.50675,1.5435,1.58025,1.617,,,,,,,,
WBM2BP000P10DF_35,,,,,,,,,,,1.323,1.35975,1.3965,1.43325,1.47,1.50675,1.5435,1.58025,1.617,,,,,,,,
WBM2SP000P01DC_35,,,,,,,,,,,1.323,1.35975,1.3965,1.43325,1.47,1.50675,1.5435,1.58025,1.617,,,,,,,,
WBM2SP000P01DF_35,,,,,,,,,,,1.323,1.35975,1.3965,1.43325,1.47,1.50675,1.5435,1.58025,1.617,,,,,,,,
WBM2SPGCHP01DC_35,,,,,,,,,,,1.323,1.35975,1.3965,1.43325,1.47,1.50675,1.5435,1.58025,1.617,,,,,,,,
WBS2BP000P10DC_35,0.9555,0.99225,1.029,1.06575,,,,,,,,,,,,,,,,,,,,,,,
WBS2BP000P10DF_35,0.9555,0.99225,1.029,1.06575,,,,,,,,,,,,,,,,,,,,,,,
WNC03P000P03DC_35,,,,1.06575,1.1025,1.13925,1.176,1.21275,1.2495,1.28625,,,,,,,,,,,,,,,,,
WNC03P000P03DF_35,,,,1.06575,1.1025,1.13925,1.176,1.21275,1.2495,1.28625,,,,,,,,,,,,,,,,,
WNC03P0S2P03DC_35,0.9555,0.99225,1.029,1.06575,,,,,,,,,,,,,,,,,,,,,,,
WNC03P0S2P03DF_35,0.9555,0.99225,1.029,1.06575,,,,,,,,,,,,,,,,,,,,,,,
